Title,Skills,Experience,Education
Ведущий менеджер по продажам,"Активные продажи, Ведение переговоров, Телефонные переговоры, Прямые продажи, Грамотная речь, Деловая переписка, Работа в команде, Работа с возражениями, Поиск и привлечение клиентов",От 1 года до 3 лет,Not specified
Ведущий аналитик,"Google Analytics, Яндекс.Метрика, Power BI, Python, SQL, ETL, Data Governance, E-Commerce",От 3 до 6 лет,Not specified
Руководитель цифровых трансформаций,"ИТ-инфраструктура, Цифровая трансформация, Информационные технологии, Контроль выполнения задач, Организаторские навыки, Перспектива, Ответственность, Исполнительность",Более 6 лет,Not specified
Разработчик Java,"Git, Java, Spring Framework, ООП, SQL",От 1 года до 3 лет,Not specified
Руководитель проекта,"Atlassian Jira, Atlassian Confluence, PMBOK, MS Excel, MS Project",От 3 до 6 лет,Not specified
QA Engineer / Инженер по тестированию,"Selenium, DataDog, Cypress, Playwright, Manual testing, Automated Testing, CI/CD",От 3 до 6 лет,Not specified
Junior Analyst/Project Manager AI/ML,"ML, Python, Умение управлять структурным подразделением и организовать его работу, Бизнес-анализ, Product, AI",От 1 года до 3 лет,Not specified
Продуктовый аналитик,"SQL, User Experience, Python, Power BI, Unit-экономика, Исследовательский анализ данных, Продуктовые метрики, Анализ данных, Анализ воронки продаж, A/B тесты, Кластерный анализ, Математическая статистика, Визуализация данных, Когортный анализ, Основы маркетинга, Прогнозирование спроса, Сквозная аналитика, Событийная аналитика, Ценообразование, Сегментирование аудитории, Анализ трафика, Анализ целевой аудитории, Веб-аналитика, UX-исследования, Разработка бизнес-требований, Аналитическое мышление, Маркетинговые метрики, Корреляционный анализ, Проверка статистических гипотез",От 1 года до 3 лет,Not specified
Аналитик данных,"Power BI, Tableau, Google Data Studio, Python, SQL",Нет опыта,Not specified
Data аналитик,"SQL, Python, PySpark",От 1 года до 3 лет,Not specified
Product manager/Менеджер продукта,"Управление командой, Продуктовые метрики, Продуктовая стратегия",От 3 до 6 лет,Not specified
Frontend developer (React),"TypeScript, React",От 3 до 6 лет,Not specified
Младший специалист по анализу данных / Junior Data Scientist,"Python, Математическая статистика, Математическое моделирование, Регрессионный анализ",От 1 года до 3 лет,Not specified
Senior Продуктовый маркетолог,"Push-маркетинг, B2C-маркетинг, Digital Marketing, UX-исследования, Яндекс.Метрика, Маркетинговые метрики, A/B тесты, Amplitude, Повышение конверсии, CTR, Customer Journey Mapping",Более 6 лет,Not specified
Java-разработчик,,От 3 до 6 лет,Not specified
Junior iOS developer/Младший iOS разработчик,,Нет опыта,Not specified
Data Analyst (Junior),"Python, SQL, A/B тесты, BI, ML Base, EDA, Продуктовая аналитика",Нет опыта,Not specified
Младший аналитик данных (Junior Data Analyst),"Анализ данных, MS SQL, MS Excel, Power BI, Tableau, Python",Нет опыта,Not specified
Chief Marketing Officer/СМО Дринкит,,Более 6 лет,Not specified
Data Analyst / Fixed Income Analyst (junior),"Базы данных, SQL, API, Математическая статистика, PostgreSQL, MS SQL Server, Инвестиции",Нет опыта,Not specified
Аналитик данных,,Нет опыта,Not specified
Middle+ backend developer Kotlin,SQL,От 3 до 6 лет,Not specified
Project manager IT,,От 3 до 6 лет,Not specified
QA-инженер,"Ручное тестирование, Postman, Тестирование API, Тестирование ПО",От 3 до 6 лет,Not specified
Директор по данным и аналитике / CDO,"Бизнес-анализ, Анализ бизнес-процессов, Моделирование бизнес-процессов, Системный анализ, SQL, Аналитическое мышление, Сквозная аналитика, Оптимизация бизнес-процессов, Управление проектами, Управление бизнес процессами, Стратегия управления рисками, Стратегическое мышление, Управление рисками, Стратегическое планирование, Системное мышление, Управление требованиями",Более 6 лет,Not specified
Директор департамента Информационных Технологий,,Более 6 лет,Not specified
Директор по маркетингу (CMO),,От 3 до 6 лет,Not specified
Data analyst / Аналитик данных,"Python, SQL, PySpark, Big Data",Нет опыта,Not specified
Project manager (методология),,От 1 года до 3 лет,Not specified
Специалист технической поддержки (продукт «Фактор»),"SQL, Linux",От 1 года до 3 лет,Not specified
Лидер проектного управления (PMO Lead) Института ИИ МФТИ,,Более 6 лет,Not specified
Python-разработчик,"Python, Flask, FastAPI, ORM, MySQL, REST API",От 1 года до 3 лет,Not specified
Аналитик данных / Data Science (RuBackup),"ORACLE, PostgreSQL, Python, pandas, SQL, Grafana, Zabbix",От 1 года до 3 лет,Not specified
Операционный директор сети фитнес-клубов,,Более 6 лет,Not specified
Младший аналитик,"SQL, аналитика",Нет опыта,Not specified
Разработчик java/spring,,Более 6 лет,Not specified
Business Analyst / Бизнес-Аналитик,"BusinessAnalyst, DataAnalytics, SQL, BI, API, ETL, BigData, DataDriven, ProductAnalytics, DigitalTransformation, RetailAnalytics, DataVisualization, ProductDevelopment, BusinessIntelligence, SystemAnalysis, BPMN",От 1 года до 3 лет,Not specified
Head of Analytics / Руководитель отдела аналитики,,От 3 до 6 лет,Not specified
Middle аналитик данных,"SQL, Python, Power BI",От 3 до 6 лет,Not specified
Аналитик,"UML, BPMN, SQL, Системный анализ, REST, Use Case Analysis, Деловая коммуникация, Аналитическое мышление, API, Управление требованиями, Базы данных",От 1 года до 3 лет,Not specified
Финансовый менеджер,"Управленческая отчетность, Английский язык, Управление финансами, Подготовка презентаций, Формирование бюджета, Финансовая отчетность, Финансовый контроль, Бюджетирование, Финансовый анализ, Аналитическое мышление, Финансовое планирование, Финансовый менеджмент, Анализ финансовых показателей",От 3 до 6 лет,Not specified
Менеджер по маркетингу,,От 3 до 6 лет,Not specified
Системный аналитик low code CRM,"CRM, SQL, BPMN, Amber, Системный аналитик CRM, JSON API, Git, Моделирование бизнес-процессов, Анализ требований, Постановка задач разработчикам, Green Data, UML, SOAP, Swagger, Terrasoft CRM, Creatio CRM, LOW CODE",От 3 до 6 лет,Not specified
Аналитик,"SQL, Аналитическое мышление, Python",От 1 года до 3 лет,Not specified
Data Analyst \ Аналитик данных,"SQL, Python, MS Excel, Аналитические исследования",От 3 до 6 лет,Not specified
Менеджер по маркетплейсу (Wildberries/Ozon),"ABC-анализ, Продвижение бренда, Анализ эффективности маркетинговых кампаний, Ценообразование, Анализ конкурентной среды, Прогнозирование продаж, Маркетинговый анализ, Аналитика маркетплейсов, Инструменты маркетплейсов, Анализ воронки продаж, Оценка эффективности промо акций, Масштабирование маркетинговых кампаний, Ассортиментная матрица, MS Excel, MPSTATS",Нет опыта,Not specified
Менеджер по пресейл и стратегии,,От 1 года до 3 лет,Not specified
Chief Product Officer,,Более 6 лет,Not specified
Middle python-разработчик,,От 1 года до 3 лет,Not specified
Заместитель начальника отдела разработки функциональных требований,"Анализ бизнес-процессов, Бизнес-анализ, BPMN, Разработка функциональных требований, Управление бизнес процессами, Описание бизнес-процессов",От 3 до 6 лет,Not specified
Аналитик по управлению данными,"SQL, Анализ данных, ORACLE, PostgreSQL, ETL, DWH, Визуализация данных",Нет опыта,Not specified
Руководитель группы аналитики,"категорийная аналитика, MS Excel, SQL, Управление командой, Аналитические исследования",От 3 до 6 лет,Not specified
Java разработчик Консолидированные группы,"Java, Spring Boot, OpenShift, Kubernetes",От 3 до 6 лет,Not specified
Quantitative Analyst,,От 1 года до 3 лет,Not specified
Middle Java Developer,"Spring Framework, Java, SQL, PostgreSQL, Hibernate, Flyway, Apache Maven, NoSQL, Gradle, REST API, Spring Data, Spring Boot, Spring Cloud, Spring Web, Рефакторинг кода, Сбор требований, RabbitMQ, Spring Security, Gitlab",От 1 года до 3 лет,Not specified
Системный аналитик АСУ ОГР,"UML, BPMN, Системный анализ, XML, Atlassian Confluence, ER-диаграммы",От 3 до 6 лет,Not specified
Аналитик хранилищ данных (Middle),SQL,От 3 до 6 лет,Not specified
Директор по аналитике и эффективности технического блока,,Более 6 лет,Not specified
Разработчик хранилищ данных (Middle),"SQL, ETL, Python, C#",От 3 до 6 лет,Not specified
Junior Game Analyst (casual games),"Python, SQL, Математическая статистика, A/B тесты, Data Analysis, Gamedev",От 1 года до 3 лет,Not specified
Руководитель направления работы с маркетплейсами,"E-Commerce, Деловое общение, Аналитическое мышление, Интернет маркетинг, Аналитика продаж, Конкурентная аналитика, Стратегическое мышление, Аналитика, SEO оптимизация",От 3 до 6 лет,Not specified
Data Engineer,"Статистический анализ, Python, Clickhouse, SQL, Разработка технических заданий, Системная интеграция",От 1 года до 3 лет,Not specified
Бизнес-аналитик,,От 1 года до 3 лет,Not specified
Java-разработчик (Senior),"Java, Spring Framework, REST API",От 3 до 6 лет,Not specified
"Data Scientist (классический ML, Антифрод)","Numpy, Clickhouse, ETL, pandas, SQL, Python, Классическое машинное обучение, SciPy, XGBoost, LightGBM, CatBoost, Matplotlib, Jupyter Notebook, Интерпретация данных, Исследовательский анализ данных, Основы баз данных",От 3 до 6 лет,Not specified
Data Scientist / Machine Learning Engineer / Аналитик данных,"Python, SQL, Анализ данных, Data Analysis, PyTorch, Data Science, Machine Learning, Matplotlib, Seaborn",От 1 года до 3 лет,Not specified
Middle Java developer (back-end) разработчик,"Java, Spring Boot, JUnit, Mockito, NoSQL, PostgreSQL, MapStruct, Spring Security, Apache Maven, Apache Kafka, Intellij IDEA, Spring Data, SOAP Client, Postman, Spring Web, Spring Framework, SoapUI",От 3 до 6 лет,Not specified
Руководитель группы аналитики,,От 3 до 6 лет,Not specified
Бизнес аналитик,,От 3 до 6 лет,Not specified
Аналитик данных (КЦ) / Data analyst,"MS SQL, MS Excel, Power BI, Внимательность к деталям, Проактивность",От 1 года до 3 лет,Not specified
Руководитель группы разработки,"MS SQL, Camunda, Java, PostgreSQL, Apache Kafka, Docker, Kubernetes, Mockito, Helm, Grafana, Spring Boot, Spring Data",От 3 до 6 лет,Not specified
DevOps (Junior+),,Нет опыта,Not specified
Менеджер по маркетингу (Data center/ЦОД),"Маркетинговая стратегия, Контентная стратегия, Анализ эффективности PR-кампании, SEO, Планирование маркетинговых кампаний, B2B-маркетинг, Маркетинговые исследования, Интернет-маркетинг, Масштабирование маркетинговых кампаний, Разработка маркетинговых кампаний, Запуск маркетинговых кампаний, Автоматизация маркетинговых кампаний",От 1 года до 3 лет,Not specified
Аналитик отчетности,,От 1 года до 3 лет,Not specified
Data Engineer / Инженер данных,,От 3 до 6 лет,Not specified
Financial analyst (specialist),"Английский язык, Формирование аналитической отчетности, Приветствуются кандидаты выпускники компаний «большой четверки»",От 1 года до 3 лет,Not specified
Аналитик финансовых рынков,"Английский язык, Financial Analysis, Финансовый анализ, Финансовое моделирование, Креативность, Фундаментальный анализ",От 1 года до 3 лет,Not specified
Head of Marketing (Global),,Более 6 лет,Not specified
Системный / продуктовый аналитик,,От 1 года до 3 лет,Not specified
Аналитик данных CausalML / ML-Engineer (Data Science),"CausalML, ML, Python, XGBoost, Scikit-learn, Causal Inference, Reinforcement learning, MLOps, Kubernetes, Causal learning",От 1 года до 3 лет,Not specified
Аналитик данных,,От 1 года до 3 лет,Not specified
Маркетолог-аналитик/Аналитик данных,,От 1 года до 3 лет,Not specified
Руководитель проектов IT (Project Manager),"Управление проектами, Проектный менеджмент, P&L, Управление бэклогом, MS Project, Project management, Управление ресурсами, Performance-ревью, Customer Journey Mapping, Управление рисками, Жизненный цикл проекта, Основы управления проектами, Жизненный цикл команды, Организаторские навыки, Управление коммуникациями, Организация работы сотрудников, Кадровый менеджмент, Разработка и внедрение KPI",От 1 года до 3 лет,Not specified
Инженер данных,"ETL, MS SQL, СУБД, Apache Airflow, Git, Docker",От 1 года до 3 лет,Not specified
Аналитик-разработчик,"SQL, Python, Алгоритмы и структуры данных",От 1 года до 3 лет,Not specified
Руководитель проектов,,От 1 года до 3 лет,Not specified
Бизнес-аналитик (Datalens),"Miro, Аналитика маркетплейсов, программирование, Алгоритмы и структуры данных, Power BI, Clickhouse, Big Data, DataLens, PostgreSQL, MS SQL, Python, Pest-Анализ, ABC-анализ, A/B тесты, маркетплейсы, Бизнес-анализ",От 1 года до 3 лет,Not specified
Data Engineer,,От 1 года до 3 лет,Not specified
Аналитик данных BI,,От 1 года до 3 лет,Not specified
Маркетолог-аналитик,,От 1 года до 3 лет,Not specified
Product Manager,,От 3 до 6 лет,Not specified
Chief Data Officer,,Более 6 лет,Not specified
Системный аналитик / System Analyst,"REST, Apache Kafka, XML, JSON, SQL",От 3 до 6 лет,Not specified
Data/BI-аналитик,,От 1 года до 3 лет,Not specified
Разработчик компьютерного зрения,,Нет опыта,Not specified
Data Analyst (Finance) | Дата аналитик (Финансы),"SQL, Python, Tableau, Data Analysis",От 1 года до 3 лет,Not specified
Дизайнер специальных проектов (digital),"Adobe Photoshop, Figma",От 3 до 6 лет,Not specified
Product manager (Регистрация бизнеса),,От 1 года до 3 лет,Not specified
Data Analytics & Business Insights Analyst,,От 3 до 6 лет,Not specified
Business Development Manager в команду Cross-Boarder (Менеджер по развитию бизнеса),,От 3 до 6 лет,Not specified
Системный аналитик (Налоговый мониторинг),,От 3 до 6 лет,Not specified
Аналитик данных (Data Analyst),,Нет опыта,Not specified
QA Lead /Руководитель отдела тестирования,"Руководство коллективом, Java, Автоматизированное тестирование, Ручное тестирование, Нагрузочное тестирование",От 3 до 6 лет,Not specified
Product Manager в T‑Black,,От 3 до 6 лет,Not specified
Системный аналитик,"Работа с большим объемом информации, Точность и внимательность к деталям, Аналитическое мышление, SQL, Python, Apache NiFi",От 1 года до 3 лет,Not specified
"Product Owner (Crypto), PO, CPO","Product-market fit, Unit-экономика, Agile, Roadmap, Продуктовые метрики, Управление бэклогом, аналитика данных",От 3 до 6 лет,Not specified
Аналитик данных,"SQL, Python, Power BI, Big Data, Анализ бизнес показателей, Аналитика, PostgreSQL, Работа с большим объемом информации",От 3 до 6 лет,Not specified
Бизнес-аналитик (Business Analyst / BA),,От 1 года до 3 лет,Not specified
Data Analyst,,Нет опыта,Not specified
Junior Аналитик DWH/Data аналитик,SQL,От 1 года до 3 лет,Not specified
QA инженер/тестировщик,"Тестирование, Написание тестовой документации, SQL, Проведение тестирований, Ручное тестирование",От 3 до 6 лет,Not specified
Marketing Data Analyst,"Python, SQL, MS Excel, Tableau, Бизнес-анализ, SEO оптимизация, Маркетинговый анализ, Английский язык, Исследовательский анализ данных, Организация работы сотрудников, Формирование аналитической отчетности, Маркетинговые метрики",От 1 года до 3 лет,Not specified
Аналитик данных,"SQL, Python, Исследовательский анализ данных",От 1 года до 3 лет,Not specified
Продуктовый аналитик (FinTech),"SQL, A/B тесты, Google Data Studio",От 1 года до 3 лет,Not specified
Middle Java-разработчик,"Kafka, SQL, Elasticsearch, NoSQL, Spring, Java",От 3 до 6 лет,Not specified
Стажер Data scientist (Проекты внедрения технологий ИИ),,От 1 года до 3 лет,Not specified
Аналитик данных (проект Честный знак),,От 1 года до 3 лет,Not specified
Специалист отдела мониторинга (спортивный аналитик),"спортивная аналитика, математика, Аналитический склад ума, Математическая статистика, Работа с большим объемом информации, Математический анализ, Букмекер, Ставки на спорт",Нет опыта,Not specified
Системный аналитик,"SQL, PostgreSQL, Atlassian Jira, Atlassian Confluence, Elasticsearch, Анализ требований, Postman",От 1 года до 3 лет,Not specified
Аналитик,"MS Excel, Analytical skills, Big Data, Аналитика, Аналитическое мышление, Английский язык, Аналитика продаж, Анализ данных",От 3 до 6 лет,Not specified
Системный аналитик по управлению данными,"Data Governance, DataHub, Open Metadata, Dochub, Arch Tool, Great Expectations, Apache Atlas",От 3 до 6 лет,Not specified
Продуктовый аналитик,,От 1 года до 3 лет,Not specified
Tech Lead DWH,"DWH, Hadoop, ETL, ИТ-архитектура, Greenplum, ORACLE",Более 6 лет,Not specified
Количественный аналитик/трейдер,"Python, SQL, Анализ данных, Аналитическое мышление, Data Mining, Data Science, Numpy, Математический анализ, Аналитические исследования, Математическое моделирование, Базы данных, pandas, Аналитика, Data Analysis, Поиск информации в интернет, Анализ финансовых показателей, Анализ текущих финансовых показателей, Моделирование, Готовность обучаться, Достижение поставленных целей",От 3 до 6 лет,Not specified
Аналитик данных Power BI / Разработчик Power BI (Senior / Middle+ level),"Power BI, Анализ данных",От 3 до 6 лет,Not specified
Senior Talent Acquisition Specialist,,От 3 до 6 лет,Not specified
Аналитик (текстовый),,От 1 года до 3 лет,Not specified
Аналитик данных,"Hadoop, Apache Spark, ETL, SQL",От 1 года до 3 лет,Not specified
Lead Product Analyst,"Analysis, SQL, Исследовательский анализ данных",От 3 до 6 лет,Not specified
Младший специалист по анализу данных/Junior data analyst,,Нет опыта,Not specified
Финансовый менеджер (Junior),"Английский язык, Международные платежные системы",От 1 года до 3 лет,Not specified
"Junior Data Analyst/BI developer (блок ""Сеть Продаж"")",,От 1 года до 3 лет,Not specified
Chief Marketing Officer / CMO,,Более 6 лет,Not specified
Product manager (e-com),,От 3 до 6 лет,Not specified
Product manager,,От 1 года до 3 лет,Not specified
Data Analyst,"SQL, Python, ML, A/B/n",От 1 года до 3 лет,Not specified
Аналитик данных в департаменте недвижимости,,От 1 года до 3 лет,Not specified
Директор по продажам,"Управление продажами, B2B Продажи, Обучение персонала, Мотивация персонала, Управление командой, Обучение команды продаж, Развитие продаж, Развитие проектов, Аналитика продаж, Лидерство",От 1 года до 3 лет,Not specified
Data Engineer,"Python, Spark, Hadoop, SQL, Big Data, Hive, Kubernetes, Linux, Airflow, Clickhouse, PostgreSQL, pandas",От 3 до 6 лет,Not specified
"Интернет-маркетолог ( e-commerce, digital-продвижение)",,От 1 года до 3 лет,Not specified
Middle / Senior IT-project manager c перспективой роста в аккаунт-менеджера,"Деловая коммуникация, Ориентация на результат, Управление временем, PMBOK, Управление ожиданиями, Управление проектами, Scrum, Agile, Управление бэклогом, Управление рисками",От 3 до 6 лет,Not specified
Менеджер маркетплейсов (Аналитик - Озон),"Маркетплейсы, Поиск информации в интернет, E-Commerce, Google Docs, Работа с большим объемом информации, SEO оптимизация, SEO, Продвижение бренда",От 3 до 6 лет,Not specified
Владелец продукта / Product owner,"Agile Project Management, Scrum, Управление ожиданиями, Управление стейкхолдерами, Стратегический менеджмент, Продуктовые метрики, Управление ресурсами, Управление бэклогом",От 3 до 6 лет,Not specified
Дата аналитик (ученик),"Анализ данных, Классическое машинное обучение, MLflow, Python, SQL, Математическая статистика, Big Data, Data Analysis, ORACLE, Power BI, Tableau, R, Визуализация данных, Статистический анализ, machine learning, BI-инструменты",Нет опыта,Not specified
Продуктовый аналитик/junior product менеджер,"SQL, Google Analytics, Tableau, Power BI, BigQuery, Looke, UML, Use Case Analysis, Анализ данных",От 1 года до 3 лет,Not specified
Продуктовый аналитик (ML),"SQL, MS SQL Server, Apache Airflow, Python, Продуктовые метрики, Power BI, Big Data, MLflow",От 1 года до 3 лет,Not specified
DevOps-инженер (с опытом в блок-чейн нодах),,От 3 до 6 лет,Not specified
"КАМ / менеджер по работе с клиентами (Wildberries, Ozon)","Аналитика маркетплейсов, Маркетплейсы, E-Commerce, Навыки переговоров, Аналитическое мышление, Деловое общение, Управление отношениями с клиентами, Управление временим, Выстраивание долгосрочных отношением, Управление проектами",От 1 года до 3 лет,Not specified
Senior Java/Kotlin Developer,"Kotlin, Spring Boot, Node.js, MongoDB, PostgreSQL, Redis",Более 6 лет,Not specified
Руководитель направления по развитию процессов управления данными,Data Governance,От 3 до 6 лет,Not specified
Аналитик-программист,"Google apps script, Google sheets, Wildberries API, Ozon Api",Нет опыта,Not specified
Аналитик Данных (Sales Operations),,От 1 года до 3 лет,Not specified
Руководитель отдела инвентаризации,,От 1 года до 3 лет,Not specified
Финансовый аналитик (master data),,От 3 до 6 лет,Not specified
Ведущий специалист отдела по управлению данными (НСИ/MDM),,От 1 года до 3 лет,Not specified
Младший инженер (отдел сопровождения Big Data платформы),"Git, SQL, Python, Стрессоустойчивость, Коммуникабельность, Apache Airflow, Big Data",От 1 года до 3 лет,Not specified
Account manager,Деловая коммуникация,От 1 года до 3 лет,Not specified
Junior ML Engineer / Data scientist (Младший специалист МО),"Python, Git, Linux, ML",От 1 года до 3 лет,Not specified
"Junior системный аналитик в продукт Customer App Tracker [Big Data, МТС Веб Сервисы]","SQL, Python, Hadoop, PySpark, pandas, Tableau, Математическая статистика, Big Data",От 1 года до 3 лет,Not specified
Data Engineer / Data Analyst + Hadoop,"SQL, Hadoop, Scala, Python, Java",От 3 до 6 лет,Not specified
Аналитик по управлению данными,"Data Governance, Data Catalog",От 3 до 6 лет,Not specified
Data Business Analyst,,От 1 года до 3 лет,Not specified
Системный аналитик,"Разработка функциональных требований, Разработка пользовательской документации, Draw.io, Разработка технических заданий, Системный анализ, Аналитическое мышление, Бизнес-анализ, Документирование бизнес-требований, ГОСТ 34",От 3 до 6 лет,Not specified
Аналитик данных,"SQL, Python",От 3 до 6 лет,Not specified
Ведущий маркетолог-аналитик,"Запуск контекстных кампаний, Контент-маркетинг, Руководство разработкой и проведением комплексных маркетинговых исследований, Маркетинговая стратегия, Клиентоориентированность",От 3 до 6 лет,Not specified
Lead DevOps,"Ethereum, Bitcoin",От 3 до 6 лет,Not specified
Backend Developer Java ЕЕ в Банк,"Java, Spring Framework, WebFlux",От 3 до 6 лет,Not specified
Главный бухгалтер,"Бухгалтерская отчетность, Налоговая отчетность, Лизинговые операции, 1С, ПБУ",Более 6 лет,Not specified
Data Analyst,,От 1 года до 3 лет,Not specified
Аналитик данных/Инженер,"SQL, Big Data, DataLens",От 3 до 6 лет,Not specified
Product/Data Analyst,"Python, SQL, A/B тесты",От 3 до 6 лет,Not specified
Финансовый аналитик,"Управление бэклогом, Проектный менеджмент, владелец продукта, финансовая модель, финмодель",От 1 года до 3 лет,Not specified
Руководитель AI проектов,,От 3 до 6 лет,Not specified
Аудитор-аналитик данных,,От 1 года до 3 лет,Not specified
AI/ML Product manager/Business Analyst,"Market Research, Project management, Бизнес-анализ, Python, Продуктовые метрики, A/B тесты, Financial Planning, Product Marketing, Prototyping, Product Roadmap Dev, Google Analytics",От 3 до 6 лет,Not specified
Разработчик Power BI Middle,"SQL, PostgreSQL, Power BI, MS Excel",От 1 года до 3 лет,Not specified
Project Manager (DWH),,От 1 года до 3 лет,Not specified
Аналитик данных (Data Scientist),"Power BI, SQL, MS SQL, Python, data science, Big Data",От 3 до 6 лет,Not specified
Digital project manager/Customer success manager,"Google Analytics, Яндекс.Метрика, Clickhouse, Google BigQuery, Account Management, Project management, Деловая коммуникация, Data Studio, DataLens, Power BI",От 3 до 6 лет,Not specified
"Младший аналитик данных (Последняя миля, ПВЗ)","SQL, Python",Нет опыта,Not specified
Консультант по поведенческим исследованиям (Лаборатория нейронаук и поведения человека),,От 3 до 6 лет,Not specified
Менеджер ИТ проектов,Управление проектами,От 3 до 6 лет,Not specified
"Backend developer (C#, .Net)",".NET Core, C#, SQL, ASP.NET Core",От 3 до 6 лет,Not specified
Руководитель отдела аналитики в девелопмент,,Более 6 лет,Not specified
Младший аналитик,"SQL, VBA, Анализ данных, Базы данных, Python, Математическая статистика, ВПР, MS Excel",Нет опыта,Not specified
Бизнес - аналитик (в команду BI),"BPMN, ARIS, Бизнес-анализ, Управление проектами, MS Visio, Business Analysis, Data Analysis, Моделирование бизнес процессов, Business Intelligence Systems, Системное мышление, Разработка технических заданий, SQL, Разработка проектной документации",От 1 года до 3 лет,Not specified
Junior Data Scientist,,Нет опыта,Not specified
Data Engineer,"Python, SQL, Airflow, Hadoop, Spark (Pyspark), Gitlab, Vertica, Clickhouse",От 3 до 6 лет,Not specified
Investment Manager / Инвестиционный менеджер,,От 1 года до 3 лет,Not specified
"Java разработчик, Поисковая платформа","IT, Разработка поисковых технологий, Java, Apache Kafka, Redis",От 3 до 6 лет,Not specified
Директор ИТ (CIO) (в г. Владивосток),,Более 6 лет,Not specified
Продуктовый аналитик,"SQL, Python, Grafana, Статистика",От 1 года до 3 лет,Not specified
Бизнес-аналитик / Методолог,"Оптимизация бизнес-процессов, Разработка пользовательской документации, Организация работы сотрудников, Разработка функциональных требований, Разработка нефункциональных требований, Бизнес-анализ, Реинжиниринг бизнес-процессов, Моделирование бизнес-процессов, Постановка задач разработчикам, Описание бизнес-процессов, Автоматизация бизнес-процессов",От 3 до 6 лет,Not specified
Data engineer (Стажер),"SQL, Greenplum, Big Data, DWH, СУБД, Базы данных, Планирование карьеры, Английский язык, Обучение и развитие, Анализ данных, Дистанционное обучение, Clickhouse, Apache Airflow, Superset",Нет опыта,Not specified
IT Analyst,,От 3 до 6 лет,Not specified
Системный аналитик,,От 1 года до 3 лет,Not specified
Web-analyst/веб-аналитик igaming,,От 3 до 6 лет,Not specified
Product Analyst/Project Manager AI/ML,"ML, Python, Умение управлять структурным подразделением и организовать его работу, Бизнес-анализ, Product, AI",От 3 до 6 лет,Not specified
Системный аналитик,,От 1 года до 3 лет,Not specified
Python разработчик,,От 1 года до 3 лет,Not specified
Руководитель IT/ Product разработки,"Управление командой, Стратегическое планирование, Управление бэклогом, Лидерство, Управление инновациями, Git, Linux, PostgreSQL, Docker, Kubernetes, Elasticsearch, Grafana, Prometheus, CI/CD, Оптимизация кода, Разработка и внедрение KPI",Более 6 лет,Not specified
"Аналитик данных /Data Analyst в управление ""Голосовой ассистент""",,От 1 года до 3 лет,Not specified
Junior Digital Аккаунт-менеджер (МТС AdTech),"MyTarget, ВК, Яндекс.Метрика, Google Analytics, DSP, Яндекс.Директ, Programmatic, Performance-маркетинг, Таргетинг, Ретаргетинг",От 1 года до 3 лет,Not specified
Стажер в аналитический департамент ВТБ Юниор,,Нет опыта,Not specified
Менеджер маркетплейсов,"Аналитическое мышление, Копирайтинг, Аналитика, Яндекс.Метрика, Google Analytics, Контроль и анализ ценообразования, Конкурентная аналитика, ABC-анализ, Анализ продаж, Анализ ассортиментной линейки, Деловое общение",От 1 года до 3 лет,Not specified
Business Analyst (Fintech),"BPMN, UML, SQL, BI, Английский язык",От 3 до 6 лет,Not specified
Категорийный менеджер,"Ведение переговоров, Обучение и развитие, Деловое общение, Развитие продаж",От 3 до 6 лет,Not specified
Продуктовый аналитик,,От 3 до 6 лет,Not specified
Коммерческий директор / CCO / Директор по развитию бизнеса,"Стратегический менеджмент, Коммерческая политика, Управление ассортиментом, Рост выручки",Более 6 лет,Not specified
Аналитик данных,"PostgreSQL, Python, Алгоритмы и структуры данных, Power BI, Clickhouse",От 3 до 6 лет,Not specified
Системный администратор,"Linux, Windows, Docker, PostgreSQL, Greenplum, ORACLE, Bash",От 3 до 6 лет,Not specified
Delivery Manager,"DWH, Big Data, Data Analysis",От 3 до 6 лет,Not specified
Crypto Product Analyst/Data Analyst,"Экономическое обоснование, Python, SQL, Power BI, Crypto, Cryptocorrency, Big Data, Wallet, Payments, Data Analysis, Analytical skills, Market Research, Research And Development",От 3 до 6 лет,Not specified
Продуктовый дизайнер,,От 1 года до 3 лет,Not specified
Аналитик данных (портал gosuslugi.ru),,От 1 года до 3 лет,Not specified
Дата аналитик/Data analyst,,От 1 года до 3 лет,Not specified
"Аналитик данных, Реклама","Python, SQL, PySpark, airflow, A/B тесты, Hadoop, Clickhouse, IT, Разработка поисковых технологий",От 3 до 6 лет,Not specified
Исследователь-психометрист (Лаборатория нейронаук и поведения человека),,От 3 до 6 лет,Not specified
Менеджер по сопровождению (IT),"Работа в команде, Грамотная устная речь, Работа с возражениями, Работа с CRM, Работа с клиентами, Пользователь ПК, Обучение, Клиентоориентированность",От 1 года до 3 лет,Not specified
Менеджер мобильного маркетинга (МТС AdTech),"Мобильный маркетинг, AppsFlyer, Appmetrica, VK Ads, Анализ трафика",От 1 года до 3 лет,Not specified
UX/UI-дизайнер (middle),"Figma, UX, UI, Веб-дизайн, Графический дизайн, Адаптивный дизайн, Прототипирование",От 3 до 6 лет,Not specified
"Data Scientist, Anti-Fraud, Ozon Bank",,От 1 года до 3 лет,Not specified
Influence / Инфлюенс-менеджер,,От 1 года до 3 лет,Not specified
Middle Product Analyst (AI/ML),"Анализ данных, Критическое мышление, Стратегическое мышление, Product Management, Бизнес-анализ, Работа с большим объемом информации",От 1 года до 3 лет,Not specified
QA auto engineer / QA automation / Тестировщик - автоматизатор,,От 3 до 6 лет,Not specified
Senior медиа-аналитик,"MS Excel, Mediascope, Яндекс.Метрика, MS PowerPoint, Математический анализ, Математическая статистика, большой объем данных",От 3 до 6 лет,Not specified
Старший Java-разработчик (Интеграции),"Java, Spring Boot, Spring Framework, Kafka, PostgreSQL, Maven",От 3 до 6 лет,Not specified
Business Analyst/Бизнес-аналитик,"MS Excel, Tableau, Python, MS SQL",От 3 до 6 лет,Not specified
Инженер данных (Data engineer),"Python, SQL, REST API, Анализ данных",От 1 года до 3 лет,Not specified
Data Analyst / System Analyst,,От 3 до 6 лет,Not specified
BI-аналитик,,От 1 года до 3 лет,Not specified
User Acquisition Manager,"Внимательность, Исполнительность, Ответственность, Facebook Ads, Анализ трафика",От 1 года до 3 лет,Not specified
Аналитик,,От 1 года до 3 лет,Not specified
Talent Acquisition Lead,,От 3 до 6 лет,Not specified
Strategy AI Consultant,,От 3 до 6 лет,Not specified
Продуктовый дизайнер (Evolution DataPlatform),,От 3 до 6 лет,Not specified
Team Lead Java,,Более 6 лет,Not specified
Продуктовый аналитик в команду AI агенты,"SQL, Продуктовые метрики, Аналитическое мышление, Исследовательский анализ данных",От 3 до 6 лет,Not specified
Рекрутер/ Менеджер по подбору персонала,"Рекрутмент, Подбор персонала, Точечный подбор персонала, Подбор топ-менеджеров, Проведение собеседований, Адаптация персонала",От 3 до 6 лет,Not specified
Аналитик (математическое моделирование),"SQL, Python, MS SQL, Математическое моделирование, Аналитика, финасовые рынки, Big Data, MATLAB, Математическая статистика, Математический анализ",От 1 года до 3 лет,Not specified
Аналитик данных,,От 3 до 6 лет,Not specified
Маркетолог (эзотерика),"Маркетинговые коммуникации, Internet Marketing, Организаторские навыки, Яндекс.Метрика, Креативность, B2C маркетинг",От 1 года до 3 лет,Not specified
Аналитик данных / Data Analyst,"SQL, Python, Apache Airflow, Clickhouse, Jupiter, Git, A/B тесты, Data Analysis, DataLens, anti-fraud, антифрод, Математическая статистика",От 3 до 6 лет,Not specified
Data analyst (Аналитик данных в Индию),"Python, SQL, Power BI, ETL, DAX, Обучение и развитие, Английский язык",От 1 года до 3 лет,Not specified
Junior Performance Manager (In-app),"AdJust, Медиапланирование, Performance-маркетинг",От 1 года до 3 лет,Not specified
BI Developer,"Английский язык, Power BI, Tableau, SQL",От 3 до 6 лет,Not specified
Business Analyst (Pricing ERP),"Анализ бизнес-процессов, Бизнес-анализ",От 3 до 6 лет,Not specified
Эксперт системный аналитик (портал gosuslugi.ru),,Более 6 лет,Not specified
HR менеджер,"Подбор персонала, Тестирование профессиональных компетенций, Система мотивации персонала, Анализ требований, Управление ожиданиями, Найм персонала, Аттестация персонала, Кадровая стратегия, HR-аналитика",От 1 года до 3 лет,Not specified
Медиа-аналитик (digital),"JavaScript, MS SQL, Медийная реклама, weborama, Яндекс.Метрика, MS Excel",От 1 года до 3 лет,Not specified
Системный аналитик,,От 1 года до 3 лет,Not specified
Системный аналитик (СберЧат.Data),,От 1 года до 3 лет,Not specified
Data scientist (команды CRM и модели оптимизации),"Python, Hadoop, ML, DL, PySpark",От 1 года до 3 лет,Not specified
Бизнес-аналитик (Data usage),,От 1 года до 3 лет,Not specified
Data Engineer,"SQL, Python",От 1 года до 3 лет,Not specified
Системный аналитик (отчетность ЦБ),,От 3 до 6 лет,Not specified
"Аналитик данных (рекомендательные системы, персонализация)","SQL, Python, Исследовательский анализ данных, Математическая статистика, ML, Маркетплейс, Рекомендательные системы",От 1 года до 3 лет,Not specified
Менеджер продукта,"UI/UX, Дизайн-мышление, CJM, Аналитическое мышление, Разработка продукта, Google Analytics, Яндекс.Метрика, Аппметрика, GTM, Data-driver, Jira, LTV",От 1 года до 3 лет,Not specified
Разработчик Python / Middle Python Developer,"Python, PostgreSQL, Clickhouse, Greenplum",От 1 года до 3 лет,Not specified
Junior Data Analyst,,Нет опыта,Not specified
Продуктовый маркетолог (образовательных и развлекательных услуг),,От 3 до 6 лет,Not specified
Senior Financial Analyst,,Нет опыта,Not specified
Трафик-менеджер (МТС AdTech),"Яндекс.Метрика, Google Analytics, Adloox, Adriver, Weborama, MyTarget, Appmetrica, AdJust, AppsFlyer, VK, Hybrid, Soloway, GetIntent, MS Excel, Programmatic",От 1 года до 3 лет,Not specified
Аналитик Данных/ML Engineer (GigaChat Сбера),,От 1 года до 3 лет,Not specified
Аналитик данных (junior),,От 1 года до 3 лет,Not specified
"Старший аналитик-разработчик, Аналитика поиска","Python, SQL, PySpark, airflow, Разработка поисковых технологий, IT",От 3 до 6 лет,Not specified
Специалист по анализу данных о потребителе / Consumer Data Analyst,Medialogia,От 1 года до 3 лет,Not specified
IOS-разработчик,,От 3 до 6 лет,Not specified
Middle java разработчик (г. Домодедово),"Postgres, Spring, Hibernate, JDBC, PostgreSQL, Redis, Clickhouse, Apache Kafka, Grafana",От 1 года до 3 лет,Not specified
Digital-маркетолог,,От 1 года до 3 лет,Not specified
Product manager,,От 3 до 6 лет,Not specified
Data engineer/Data Analyst,"SQL, Python, Power BI, Визуализация данных, Clickhouse, PostgreSQL, MS Excel",От 3 до 6 лет,Not specified
Руководитель направления (DIY),"Ведение переговоров, Обучение и развитие, Деловое общение, Развитие продаж",От 3 до 6 лет,Not specified
"Chief Product Officer SME (Казахстан, банк)","CPO, Банковские продукты, SME",От 3 до 6 лет,Not specified
Продуктовый аналитик,"Продуктовые метрики, SQL",От 1 года до 3 лет,Not specified
Etl-инженер,,От 3 до 6 лет,Not specified
Аналитик данных (МТС AdTech),"Яндекс.Метрика, Digital Marketing, MS Excel, Аналитика",От 1 года до 3 лет,Not specified
Retention-маркетолог,,От 3 до 6 лет,Not specified
Менеджер по продукту (карточка товара),Торговая площадка,От 1 года до 3 лет,Not specified
Технический руководитель проектов (BI/DWH),"Управление проектами, Ведение переговоров, Scala, Spark, Деловая коммуникация, Hadoop, Big Data, Java Script, Умение организовать работу, Высокие коммуникативные навыки, Проектная деятельность, Работа в условиях многозадачности",От 3 до 6 лет,Not specified
Руководитель направления аналитики рынка недвижимости (премиум сегмент),"Грамотная речь, Подготовка презентаций, MS PowerPoint, Грамотность, Исследования рынка, Оценка недвижимости, Мониторинг рынка, Элитная недвижимость, Загородная недвижимость, написание аналитических текстов, Excel, Сбор и анализ информации",От 1 года до 3 лет,Not specified
Java Oracle разработчик (middle),"Java, JDBC, Swing, Java Applet, Apache Maven, ORACLE, CRUD, SQL, Git, JavaScript, HTML, CSS",От 3 до 6 лет,Not specified
Data Scientist,,От 1 года до 3 лет,Not specified
Chief Revenue Officer (Chief Digital Commercial Officer),,Более 6 лет,Not specified
Младший аналитик данных // Junior data analyst,,От 1 года до 3 лет,Not specified
Финансовый аналитик,,От 3 до 6 лет,Not specified
Бизнес аналитик,"ITSM, Аналитик, ITIL, ServiceDesk, BPMsoft",От 1 года до 3 лет,Not specified
Разработчик DWH,"Oracle Pl/SQL, SQL, ORACLE, ETL",От 1 года до 3 лет,Not specified
Бизнес-аналитик,"Анализ бизнес-процессов, User Story Mapping, A/B тесты, администрирование ИТ сетей",От 1 года до 3 лет,Not specified
Аналитик ценообразования,,От 1 года до 3 лет,Not specified
Data analyst (ВБ Банк),,От 1 года до 3 лет,Not specified
Data Engineer (Teradata),"Teradata, Informatica Power Center, Apache Kafka",От 3 до 6 лет,Not specified
Product owner,,От 1 года до 3 лет,Not specified
Data-analyst (office Belgrade),,От 1 года до 3 лет,Not specified
"Middle QA Automation Engineer Python (DSP, МТС Веб Сервисы)","Python, Pytest, Allure, PostgreSQL, Linux",От 3 до 6 лет,Not specified
Senior Data Scientist / старший аналитик-исследователь в команду ж/д,"Математическое моделирование, Аналитические исследования, Маркетинговый анализ, Python, SQL, Git, Clickhouse",От 3 до 6 лет,Not specified
Senior data/product analyst (SberDevices),,От 3 до 6 лет,Not specified
Менеджер стратегических партнёрств,,Более 6 лет,Not specified
Архитектор данных / Data Architect,"Data Governance, DataVault, Databricks, DataLake, S2T, ERD, Системный анализ, ИТ-архитектура, Качество данных, DWH, ETL, Проектирование витрин данных, Проектирование высоконагруженных систем, Управление командой разработки",От 3 до 6 лет,Not specified
Marketing Data Analyst,"Python, SQL, MS Excel, Tableau, Бизнес-анализ, SEO оптимизация, Маркетинговый анализ, Английский язык, Исследовательский анализ данных, Организация работы сотрудников, Формирование аналитической отчетности, Маркетинговые метрики",От 1 года до 3 лет,Not specified
Дата-инженер (ClickHouse),,От 3 до 6 лет,Not specified
Аналитик (инженер данных),"Greenplum, Apache Airflow, PostgreSQL, Python, Tableau, DWH",От 3 до 6 лет,Not specified
Продуктовый аналитик,"SQL, Python, Аналитическое мышление, Статистика, A/B тесты, Git, Airflow, Hive/Hadoop, Power BI, Superset, Grafana, Vertica, Clickhouse, Big Data, математика, Инициативность, многозадачность, Стрессоустойчивость, внимание к деталям",От 1 года до 3 лет,Not specified
Data Engineer,,От 3 до 6 лет,Not specified
Трейд-маркетолог,"SWOT анализ, Анализ поведения пользователей, Работа в команде, MS PowerPoint, Анализ данных, Продажи через дистрибьюторов, Аналитика, MS Outlook, Trade Marketing",От 1 года до 3 лет,Not specified
Системный архитектор,"ИТ-архитектура, Архитектурные решения, Постановка задач разработчикам, Микросервисная архитектура, Архитектурные паттерны, Системный дизайн, Стратегия развития архитектуры",Более 6 лет,Not specified
Data Engineer,,От 1 года до 3 лет,Not specified
Marketing analyst,"Google Analytics, Статистический анализ, Python, Аналитическое мышление, Аналитические исследования, Анализ данных, Tableau, Маркетинговые исследования, SQL",От 3 до 6 лет,Not specified
Java-разработчик,,От 3 до 6 лет,Not specified
Senior Java developer,"Java 17, Spring Boot, PostgreSQL",От 3 до 6 лет,Not specified
Системный/Бизнес-аналитик (Reporting),,От 1 года до 3 лет,Not specified
Аналитик данных (продукт «Фактор»),"SQL, Системный анализ, Python, Big Data",От 1 года до 3 лет,Not specified
Data analyst (Сервисы роботизации),,От 1 года до 3 лет,Not specified
Старший бизнес-аналитик,,Более 6 лет,Not specified
Системный аналитик,,От 1 года до 3 лет,Not specified
"Business Development Manager (B2B, IT/Outstaff, part-time)","B2B Продажи, Активные продажи, Консультативные продажи, Построение воронки продаж, Ведение переговоров",Более 6 лет,Not specified
Data analyst / Аналитик данных,"SQL, Python, PostgreSQL, Clickhouse, Airflow",От 1 года до 3 лет,Not specified
Media Data Analyst (media research),"SQL, MS PowerPoint, Python, Data Analysis, Palomars, Galileo, Media Research, Аналитическое мышление, Маркетинговый анализ, Mediascope, Визуализация данных, MS SQL, Clickhouse, PostgreSQL, Clickhouse, PostgreSQL, TV Index, Crossweb (в Jupyter Notebook), Adex, Jupyter Notebook, Excel, Media Researcher, медиаисследования, media research, медийный баинг, TNS Russia",Нет опыта,Not specified
Data Engineer (Сбережения),,От 1 года до 3 лет,Not specified
ИТ бизнес-партнер (аналитические системы),"DWH, Data Analysis, PMBOK",От 3 до 6 лет,Not specified
BI Analyst,,От 3 до 6 лет,Not specified
Финансовый аналитик в международную компанию,"Аналитическое мышление, Анализ бизнес-процессов",От 3 до 6 лет,Not specified
IT-лидер проектов по разработке ПО,"Управление проектами, BPMN, ГОСТ, UML, Разработка технических заданий, Разработка ПО, Atlassian Jira, Scrum, Системный анализ, Работа с большим объемом информации, Взаимодействие с заказчиком, Управление требованиями, Управление процессами, Java",От 3 до 6 лет,Not specified
Старший аналитик / Techlead,,Более 6 лет,Not specified
"Руководитель отдела технической клиентской поддержки 1,2 линия","Техническая поддержка, Обращение с технической документацией, Ответственность, Help Desk, Техническая поддержка пользователей, Разработка пользовательской документации, Организаторские навыки, Клиентоориентированность, SLA",От 3 до 6 лет,Not specified
Ведущий менеджер по клиентской лояльности и маркетинговым коммуникациям,"Аналитика, Управление лояльностью потребителей, CRM-автоматизация, SQL",От 3 до 6 лет,Not specified
B2C Analytics Partner / B2C Аналитик-партнёр,"Английский язык, Python, SQL, Tableau",От 3 до 6 лет,Not specified
Sales Specialist / Junior KAM,"Английский язык, MS Excel, Работа с компьютером, Работа в команде, MS Outlook, Аналитика продаж, Расчет премий и бонусов, Trade Marketing",От 1 года до 3 лет,Not specified
Senior Product Analyst,"SQL, Python, Математическая статистика, Tableau",От 3 до 6 лет,Not specified
Data Scientist (риск-моделирование),,От 1 года до 3 лет,Not specified
ИТ Бизнес-партнер / IT Business Partner (проекты по локализации),"Бизнес-анализ, Управление изменениями, Управление стейкхолдерами, Project management, Product Management",От 3 до 6 лет,Not specified
Data analyst/Researcher,"Английский язык, Аналитические тексты, Формирование аналитической отчетности, Анализ текстовой информации, Мониторинг СМИ, Atlassian Confluence, Power BI, SQL, Визуализация данных",От 1 года до 3 лет,Not specified
Начальник отдела разработки,,Более 6 лет,Not specified
Аналитик данных ТЕРМОЛЭНД,,Нет опыта,Not specified
"Аналитик данных (Excel, SQL)","Python, SQL, Excel",От 3 до 6 лет,Not specified
Руководитель по развитию кросс-продаж с применением AI-технологий,,От 3 до 6 лет,Not specified
Marketing Manager (Crypto/Blockchain),"Английский язык, SEO, paid ads, influencers marketing, Digital Marketing, ASO",От 3 до 6 лет,Not specified
"Системный аналитик/ОФИС (проект ""Ванильная карта""/процессинг/Big Data)","UML, Системный анализ, BPMN, Анализ требований, Постановка задач разработчикам, SQL, JSON, Анализ бизнес-процессов, Системная интеграция",От 1 года до 3 лет,Not specified
Менеджер по работе с партнерами / Account Manager,"AppsFlyer, Английский язык, Деловая коммуникация",От 3 до 6 лет,Not specified
Директор отдела маркетинга и PR,"Продвижение бренда, Позиционирование бренда, Масштабирование маркетинговых кампаний, Трейд-маркетинговая стратегия, Медиапланирование, Маркетинговая стратегия, Анализ эффективности маркетинговых кампаний, Маркетинговый аудит, Маркетинговые метрики, Запуск маркетинговых кампаний, Прямой маркетинг, Разработка маркетинговых кампаний, Анализ конкурентной среды, Оптимизация маркетинговых кампаний, Маркетинговые коммуникации, Планирование маркетинговых кампаний, Организаторские навыки, Деловая переписка, Грамотная речь, Организация мероприятий",От 3 до 6 лет,Not specified
Инженер по данным,"SQL, Apache Airflow, Python, DWH, Git",От 1 года до 3 лет,Not specified
Финансовый аналитик,,От 1 года до 3 лет,Not specified
"Middle системный аналитик в MWS Data Factory [Big Data, МТС Веб Сервисы]","SQL, Python, Hadoop, PySpark, pandas, Big Data, API, REST, REST API, Системная интеграция, Работа с базами данных",От 1 года до 3 лет,Not specified
Product Lead в AI-центр,,Более 6 лет,Not specified
Ведущий бизнес аналитик в направление продаж,"Бизнес-анализ, Анализ бизнес-процессов, Моделирование бизнес-процессов, Системный анализ, Разработка бизнес-требований, Описание бизнес-процессов, Реинжиниринг бизнес-процессов, MS Excel, Постановка задач разработчикам, Разработка технических заданий, Английский язык, Разработка пользовательской документации",От 3 до 6 лет,Not specified
Продуктовый аналитик (ML),"SQL, Apache Airflow, Python, Продуктовые метрики, Big Data, ML",От 1 года до 3 лет,Not specified
"Аналитик данных (проект ""Мультибонус"")",,От 1 года до 3 лет,Not specified
Руководитель группы DWH (с Clickhouse),,От 3 до 6 лет,Not specified
Junior Data Scientist (A/B-testing),,От 1 года до 3 лет,Not specified
Аналитик данных,"SQL, Python, Jupiter, Git, A/B тесты, Data Analysis, pandas",От 3 до 6 лет,Not specified
Риск-аналитик (Data Science),,От 1 года до 3 лет,Not specified
Аналитик данных / дата аналитик / data analyst,,От 1 года до 3 лет,Not specified
Producer/Product Manager (gamedev),,От 3 до 6 лет,Not specified
Системный аналитик Oracle (DWH),"DWH, ORACLE, data vault",От 3 до 6 лет,Not specified
Системный администратор,"Linux, Hadoop, СУБД, DNS, Docker, SSL/TLS, Ansible, Apache Cassandra",Нет опыта,Not specified
Аналитик данных (Data scientist/дата-инженер),,От 1 года до 3 лет,Not specified
Старший менеджер по продукту,,От 3 до 6 лет,Not specified
Эксперт/аналитик данных отдела развития и автоматизации отчетности,"Базы данных, Data Analysis, SQL, Python, MS Excel",От 1 года до 3 лет,Not specified
Team-lead команды аналитики,"Бизнес-анализ, Системный анализ, BPMN, UML, JSON, XML, REST, SOAP, SQL, Atlassian Confluence, Atlassian Jira",От 3 до 6 лет,Not specified
Руководитель отдела продаж в онлайн школу,"Управление командой, Управление временем, B2B Продажи, B2C продажи, Деловая коммуникация, Управление продажами, Обучение персонала, Руководство коллективом, Аналитическое мышление, Конкурентная аналитика, Работа с системами аналитики, Подбор персонала, Планирование продаж",От 3 до 6 лет,Not specified
Data Analyst (Товарные потери),,От 3 до 6 лет,Not specified
Team Lead DWH группы в Data Office,,Более 6 лет,Not specified
Системный аналитик ML,"Python, Data Analysis, ML, pandas, Системный анализ, Постановка задач разработчикам",От 1 года до 3 лет,Not specified
Аналитик данных,,От 3 до 6 лет,Not specified
Data analyst (Направления аналитики Департамента по работе с премиальными клиентами),,От 1 года до 3 лет,Not specified
BI-Аналитик,,От 3 до 6 лет,Not specified
Бизнес аналитик 1С,1С: Розница,От 3 до 6 лет,Not specified
Аналитик по работе с данными,,От 3 до 6 лет,Not specified
Аналитик данных,,От 3 до 6 лет,Not specified
Product Manager Middle/Senior (monetization | CPA | Fintech),,От 3 до 6 лет,Not specified
ML Engineer (LLM),"Python, Time Series Analysis, Big Data",От 3 до 6 лет,Not specified
Директор по работе с ключевыми клиентами,"Активные продажи, Навыки переговоров, Ведение переговоров, Деловое общение, B2B Продажи, Развитие продаж",От 3 до 6 лет,Not specified
Data Engineer,"Python, SQL, Apache Airflow, Big Data, Математическая статистика, Сбор требований",От 1 года до 3 лет,Not specified
Продуктовый аналитик (МТС AdTech),"SQL, Python, Superset, Яндекс.Метрика, Google Analytics",От 1 года до 3 лет,Not specified
Старший технический писатель,,От 3 до 6 лет,Not specified
Middle Системный аналитик (трайб POS),,От 3 до 6 лет,Not specified
Руководитель отдела холодных продаж (B2B),"B2B Продажи, Прогнозирование продаж, Управление продажами, Ответственность, Исполнительность, Работоспособность, Обучаемость, Развитие руководителей, Холодные продажи, Стратегия продаж, Аудит продаж, Ориентация на результат, Стрессоустойчивость, Аналитический склад ума, Аналитика маркетплейсов, Стратегическое мышление",От 1 года до 3 лет,Not specified
Marketing analyst (non-food FMCG company),"Analysis, Анализ рынка",От 1 года до 3 лет,Not specified
Технический лидер DWH и BI (РСБУ),"РСБУ, ORACLE, ЕХД, DWH, регуляторная отчётность",От 3 до 6 лет,Not specified
"Руководитель отдела маркетинга в IT, SaaS в B2B",,От 3 до 6 лет,Not specified
Web/Mobile-аналитик,"Яндекс.Метрика, Google Sheet",Нет опыта,Not specified
Data analyst,"SQL, DWH, Apache Spark, ETL, Hadoop, Spark, Apache Hive",От 3 до 6 лет,Not specified
Операционный директор (COO в онлайн-школу),"Оптимизация бизнес-процессов, Бюджетирование, Стратегический менеджмент, Управление бизнес процессами, Стратегическое планирование, Управление командой",Более 6 лет,Not specified
Руководитель аналитиков отчетности,,Нет опыта,Not specified
Scala developer (middle),,От 3 до 6 лет,Not specified
"Middle системный аналитик в MWS Data [Big Data, МТС Веб Сервисы]","SQL, Python, Hadoop, PySpark, pandas, Big Data, API, REST, REST API, Системная интеграция, Работа с базами данных",От 1 года до 3 лет,Not specified
Data/BI Analyst (IGaming),,От 3 до 6 лет,Not specified
Ведущий аналитик DWH (Эксперт по витринам данных),,От 3 до 6 лет,Not specified
Старший продуктовый аналитик (СберСпасибо),,От 3 до 6 лет,Not specified
Ведущий руководитель проектов (международные проекты),"Project management, Планирование бюджета, Управление бэклогом, Управление рисками, Управление ресурсами, BI, DWH, Английский язык",Более 6 лет,Not specified
Менеджер по информационным технологиям (проекты HR),"Бизнес-анализ, Управление изменениями, Управление стейкхолдерами, Project management, Product Management, КЭДО",От 3 до 6 лет,Not specified
Data Analyst,,От 3 до 6 лет,Not specified
Data Engineer (Hadoop),"Hadoop, SQL, Greenplum",От 1 года до 3 лет,Not specified
Data analyst / Аналитик данных,"Python, SQL, Big Data, Machine Learning",От 3 до 6 лет,Not specified
Data-аналитик,"SQL, ETL, Python, Hadoop, Spark",От 1 года до 3 лет,Not specified
Project manager в Дивизион рекламных продуктов и технологий,,Более 6 лет,Not specified
Product owner (личный кабинет клиента),,От 3 до 6 лет,Not specified
Scrum мастер,"Agile, Scrum, Kanban, Less, Фасилитация",От 3 до 6 лет,Not specified
"Senior Product Manager (Сервис ""Пакет"")","Product Management, Customer Journey Mapping, User Story Mapping, User Stories Mapping, Дизайн-мышление, Unit-экономика, MS Office, Atlassian Jira, Kaiten, Agile, Scrum, Kanban",От 3 до 6 лет,Not specified
Product owner,"Atlassian Jira, Atlassian Confluence, Управление продуктом",От 3 до 6 лет,Not specified
Разработчик DWH,,От 1 года до 3 лет,Not specified
Руководитель отдела аналитики и исследований/CDO,"SQL, DWH, Power BI, Spark, ETL, Data Governance",Более 6 лет,Not specified
Системный аналитик,"SQL, Системный анализ, BPMN, UML, API, Разработка функциональных требований, Разработка бизнес-требований, Проектирование ИС",От 1 года до 3 лет,Not specified
Ведущий Data Scientist (BI-аналитик),"MS Power BI, DataEnginer, дашборд, SQL, Python, Работа с системами аналитики",От 1 года до 3 лет,Not specified
"Ведущий архитектор данных (Data & BI, архитектурный консалтинг) в вендоре российской BI платформы","DWH, Data Lake, ETL/ELT, НСИ, BigData, SQL, NoSQL, Hadoop, Spark, Clickhouse, Vertica, Visiology, Power BI, Qlik, Tableau",От 3 до 6 лет,Not specified
Продуктовый менеджер по промо-направлению (Pharma B2B),"Руководство коллективом, Разработка нового продукта, Анализ конкурентной среды, Анализ ассортиментной линейки, Проведение презентаций, Маркетинговые коммуникации, Разработка маркетинговой стратегии, Развитие бренда, Бренд-менеджмент, Деловая коммуникация, Планирование рекламных кампаний, Навыки презентации",От 3 до 6 лет,Not specified
Data Analyst,"SQL, Python, Математическая статистика, Tableau",От 3 до 6 лет,Not specified
Data Engineer (Культура и туризм),,От 3 до 6 лет,Not specified
Менеджер по реанимации клиентов (IT-продукт),"Кросс-продажи, B2B Продажи, B2C продажи, Выявление потребностей, телефонные продажи, Сопровождение клиентов",От 1 года до 3 лет,Not specified
Account manager / Project manager / Digital,"Programmatic, Деловая коммуникация",От 1 года до 3 лет,Not specified
Middle Data Scientist (кредитно-платежные продукты),"Python, SQL, Big Data, Hadoop",От 1 года до 3 лет,Not specified
Senior Strategic Manager,Английский язык,От 3 до 6 лет,Not specified
Аналитик DWH (банковский сектор),,От 3 до 6 лет,Not specified
"Маркетолог маркетплейсов Wildberries, Ozon","Интернет-реклама, Internet Marketing, Медийная реклама, Маркетинговые метрики, Интернет-маркетинг, Маркетинговый анализ, Маркетинговые коммуникации, Оптимизация маркетинговых кампаний",От 1 года до 3 лет,Not specified
Бизнес-аналитик,,От 1 года до 3 лет,Not specified
Аналитик DWH/Data аналитик,"MS SQL, Hadoop",От 1 года до 3 лет,Not specified
Аналитик данных / специалист,"Data Mining, Машинное обучение, Математическая статистика, API, Python, Предобработка данных",От 1 года до 3 лет,Not specified
Дата инженер,"Датаинженер, Arenadata DB",От 3 до 6 лет,Not specified
"Data Scientist, Платформа чат-ботов","IT, Торговая площадка",От 3 до 6 лет,Not specified
"Старший разработчик Java, Java-платформа","Java, Разработка поисковых технологий, IT, Kafka, Apache Spark, gRPC, Redis, Hadoop, Kubernetes",От 3 до 6 лет,Not specified
Продуктовый аналитик CIB,"Продуктовые метрики, Когортный анализ, Анализ воронки продаж, Unit-экономика, ROI, SQL, Python, MS Excel, MS SQL, Анализ данных, Визуализация данных, Бизнес-анализ",От 1 года до 3 лет,Not specified
Account manager (IT/Digital),"Digital Marketing, Деловая коммуникация, E-Commerce, b2b, Account Management, Работа с ключевыми клиентами",От 1 года до 3 лет,Not specified
Data Analyst/Data Scientist в команду Внепродуктовой аналитики,"Python, SQL, АБ тестирование",От 3 до 6 лет,Not specified
Аналитик данных / Продуктовый аналитик (кредитные продукты),"SQL, data analyst, product analyst",От 3 до 6 лет,Not specified
Продуктовый аналитик,,От 1 года до 3 лет,Not specified
Продуктовый аналитик,"SQL, Разработка технических заданий, BPMN, UML, Системный анализ, Работа с базами данных",От 1 года до 3 лет,Not specified
System Analyst DWH,"SQL, DWH, ORACLE, СУБД, Базы данных, Хранилища данных",От 1 года до 3 лет,Not specified
Web - аналитик,"Яндекс.Метрика, Аналитика, WEB аналитика, Маркетинговый анализ, Работа с большим объемом информации",От 1 года до 3 лет,Not specified
Руководитель направления аналитики данных для процессингового центра,,Более 6 лет,Not specified
Data analyst,SQL,От 3 до 6 лет,Not specified
Директор подразделения продуктовой аналитики в средний и малый бизнес,,Более 6 лет,Not specified
Бизнес-аналитик в онлайн-институт психологии,"Бизнес-анализ, Геткурс, PowerBI, LMS, LTV, РНП-отчёты, amoCRM, CAC, Payback Period",От 1 года до 3 лет,Not specified
Разработчик Python (Groovy),,От 3 до 6 лет,Not specified
Тестировщик 1С,"1С, Функциональное тестирование, JSON, Apache Kafka",От 3 до 6 лет,Not specified
Аналитик перфоманс-маркетинга,,От 3 до 6 лет,Not specified
Менеджер по продажам B2B,"B2B Продажи, Активные продажи, amoCRM, Телефонные переговоры, Выявление потребностей, Работа с CRM, Стратегия продаж",От 1 года до 3 лет,Not specified
Администратор Битрикс,"1С-Битрикс, Битрикс24, Atlassian Jira",Нет опыта,Not specified
Data Analyst / Engineer,,Нет опыта,Not specified
Java Core разработчик (middle),"Java, Git, ORACLE, SQL, RabbitMQ, Kafka, Java EE, REST, Maven",От 3 до 6 лет,Not specified
Data Scientist,"Python, SQL, Алгоритмы и структуры данных, Статистические модели, A/B тесты, Визуализация данных",От 1 года до 3 лет,Not specified
Системный аналитик (Северсталь Диджитал),"UML, BPMN, Системный анализ, SQL, Python, SOAP, JSON API, REST",От 3 до 6 лет,Not specified
Аналитик (ID-сервис),,От 3 до 6 лет,Not specified
Аналитик данных / Data Engineer,"Python, SQL, Базы данных, Grafana, массивы данных, Data Engineer, Clickhouse, Основы баз данных, Apache Kafka, Визуализация данных",От 3 до 6 лет,Not specified
Data Analyst / Аналитик данных,"Python, SQL, pandas, Numpy, Apache Airflow, sklearn",От 1 года до 3 лет,Not specified
Middle Analyst / Аналитик,,От 1 года до 3 лет,Not specified
Менеджер по продукту,,От 1 года до 3 лет,Not specified
Data Engineer в команду контента,,От 3 до 6 лет,Not specified
Data Analyst / BI (Специалист по аналитике данных и бизнес-интеллекту),,От 3 до 6 лет,Not specified
Cтарший менеджер продукта в S3,,От 3 до 6 лет,Not specified
Дата-аналитик по созданию предиктивных систем на производстве,,От 1 года до 3 лет,Not specified
Аналитик MES,"MES, Atlassian Jira, Atlassian Confluence, Аналитика, Бизнес-анализ, BPMN",От 1 года до 3 лет,Not specified
Системный аналитик (Брокерский бизнес),,От 3 до 6 лет,Not specified
HR партнер (розница),"Обучение и развитие, Стратегия управления персоналом, Система мотивации персонала, Планирование численности персонала, Оценка персонала",От 1 года до 3 лет,Not specified
CPO рекламных продуктов в digital,,От 3 до 6 лет,Not specified
Data Analyst (развитие процессов формирования финансовой отчетности),,От 3 до 6 лет,Not specified
QA инженер в команду HR Tech,"Java, QA, Автоматизированное тестирование, Ручное тестирование, Selenium, SQL",От 1 года до 3 лет,Not specified
Руководитель отдела маркетинга (Digital),,Более 6 лет,Not specified
Data Engineer (Middle),"ETL, DWH, Clickhouse, PostgreSQL, Greenplum, Tableau, Power BI, API, RabbitMQ, Python",От 1 года до 3 лет,Not specified
Аналитик данных (Data analyst),"SQL, Python, Numpy, Matplotlib, Scikit-learn, Ad Hoc Analysis, pandas, построение моделей, Проверка статистических гипотез, Анализ данных, Визуализация данных",От 1 года до 3 лет,Not specified
Бизнес-аналитик (Middle),"Бизнес-анализ, Анализ бизнес-процессов, Аналитическое мышление, Стратегическое планирование, Power BI, Figma, Разработка бизнес-требований, Анализ рынка, Маркетинговый анализ, Контентная стратегия",От 1 года до 3 лет,Not specified
Директолог/Специалист по контекстной рекламе в digital-агентство,"Google Analytics, Яндекс.Метрика, Контекстная реклама, Внешний аудит контекстной рекламы, Внутренний аудит контекстной рекламы, Работа с контекстными площадками, Работа с системами аналитики, Интернет-реклама, Сквозная аналитика, Roistat, Google Ads, Google Data Studio, Яндекс.Директ",От 1 года до 3 лет,Not specified
Product Manager,"Продуктовые метрики, A/B тесты, Продуктовая стратегия, Приоритизация бэклога, Управление продуктом",От 1 года до 3 лет,Not specified
ML-инженер,,От 1 года до 3 лет,Not specified
Data Analyst / Product Analyst,"OpenAI, Node.js, MongoDB, Unit-экономика, Git, Data Analysis, продуктовая аналитика, Big Data, Metabase, SQL, BigQuery, Data Mining, Бизнес-анализ, Looker, Google Analytics, A/B тесты, ETL, Визуализация данных",От 3 до 6 лет,Not specified
Стажёр аналитик Spark Hadoop BigData,"SQL, ETL, Hadoop, DWH, Big Data, Python, Базы данных, Kafka, Java, Scala",От 1 года до 3 лет,Not specified
Системный аналитик КХД,,От 1 года до 3 лет,Not specified
Data scientist,,От 3 до 6 лет,Not specified
Data Engineer,"PostgreSQL, Python, Clickhouse, Linux, Apache Airflow",От 1 года до 3 лет,Not specified
Аналитик DWH (GreenPlum/Oracle/pgSQL),"ETL, SQL, Oracle DB, Greenplum, DWH, Разработка функциональных требований",От 3 до 6 лет,Not specified
Ведущий аналитик-исследователь (Рекомендательные системы),"SQL, Python, pandas, Рекомендательные системы, Flask, FastAPI, Apache Airflow, ETL, Scikit-learn",От 3 до 6 лет,Not specified
Аналитик качества данных (data quality),"ПВР, кредитные риски, Анализ данных, Аналитика, Статистический анализ, Работа с большим объемом информации",От 1 года до 3 лет,Not specified
Руководитель клиентской технической поддержки (IT),"Техническая поддержка, Техническая поддержка пользователей, Руководство коллективом, ITIL, ITSM, Help Desk, Service Desk, Стрессоустойчивость, Многозадачность, Клиентоориентированность, Эмпатия, Телефонные переговоры, Обучение, Ответственность",От 1 года до 3 лет,Not specified
Junior Technical Support engineer,Техническая поддержка,От 1 года до 3 лет,Not specified
Ведущий Б2Б маркетолог/Senior B2B,"B2B маркетинг, Digital Marketing, Product Marketing, Маркетинговая стратегия, Интернет-маркетинг, Маркетинговые коммуникации, Email-маркетинг, Google Analytics, Internet Marketing",От 3 до 6 лет,Not specified
Продуктовый аналитик,"SQL, A/B тесты, Python, Прогнозирование продаж, Прогнозирование спроса, Математическая статистика, Power BI",От 3 до 6 лет,Not specified
Аналитик данных (middle),,От 3 до 6 лет,Not specified
Менеджер проектов в маркетинговых исследованиях,"Маркетинговые исследования, количественные исследования, Аналитические исследования, SPSS, Исследования рынка, Сбор и анализ информации, Проведение опросов, Заключение договоров, Деловая коммуникация",От 3 до 6 лет,Not specified
Junior Customer Supply Chain analyst / Младший аналитик клиентской цепочки поставок,"SQL, Python, DAX",От 1 года до 3 лет,Not specified
BI-аналитик,,От 1 года до 3 лет,Not specified
Архитектор 1C,,От 3 до 6 лет,Not specified
Директор по контенту в СНГ (Москва),,Более 6 лет,Not specified
Главный аналитик,"REST, SOAP, Data science, Прототипы решений, Аналитика, Платформенные решения, Проектные решения",От 1 года до 3 лет,Not specified
Бизнес-аналитик по ведению данных (SAP),"SQL, SAP, Бизнес-анализ, Анализ требований, Автоматизация процессов, СУБД, Системная интеграция",От 1 года до 3 лет,Not specified
Middle/Senior Data Analyst / F&R,SQL,От 3 до 6 лет,Not specified
"Data-аналитик стрима ""Аналитика и отчётность продаж СМБ""","SQL, Подготовка презентаций, Linux, Проведение презентаций, MS SQL, Базы данных, MySQL, Аналитика, Hadoop, MS SQL Server, Анализ данных, Аналитическое мышление, Аналитические исследования, Автоматизация процессов, Визуализация данных, Анализ бизнес показателей, Работа с базами данных, Работа с большим объемом информации, Анализ текущих финансовых показателей, Сбор и анализ информации, Qlik, QlikView, Qlik Sense",От 1 года до 3 лет,Not specified
Специалист по продажам B2B (теплые клиенты),"Поиск и привлечение клиентов, Навыки продаж, Консультативные продажи, Телефонные переговоры, Стратегия продаж",Нет опыта,Not specified
Руководитель отдела по разработке аналитической отчетности,"SQL, Tableau, OLAP, ETL, Power BI",От 3 до 6 лет,Not specified
Продуктовый аналитик,"SQL, Python, Power BI, A/B тесты",От 3 до 6 лет,Not specified
Маркетолог (Data center/ЦОД),"Маркетинговая стратегия, Контентная стратегия, Анализ эффективности PR-кампании, SEO, Планирование маркетинговых кампаний, B2B-маркетинг, Маркетинговые исследования, Интернет-маркетинг, Масштабирование маркетинговых кампаний, Разработка маркетинговых кампаний, Запуск маркетинговых кампаний, Автоматизация маркетинговых кампаний",От 1 года до 3 лет,Not specified
Руководитель отдела бизнес аналитики / Business Intelligence Head,,Более 6 лет,Not specified
Digital Media Manager,,От 3 до 6 лет,Not specified
Аналитик по развитию бизнес-приложений,"BPMN, Бизнес-анализ, UML",От 3 до 6 лет,Not specified
Юрист,,От 1 года до 3 лет,Not specified
Data Engineer,"Python, SQL, RabbitMQ, PubSub, Kafka, Airflow, dbt, Spark, pandas, Clickhouse, PostgreSQL, BigQuery, S3, Parquet, AWS, Yandex Cloud, GCP (Good Clinical Practice), Docker, GitLab CI/CD, DWH, ETL, ELT",От 1 года до 3 лет,Not specified
"Аналитик, Центр инноваций IB",,От 1 года до 3 лет,Not specified
Data Analyst,"SQL, Python",От 1 года до 3 лет,Not specified
Data Scientist,,От 3 до 6 лет,Not specified
Руководитель проектов DWH,"DWH, Agile, Scrum, Big Data",От 3 до 6 лет,Not specified
Руководитель Центра знаний (Team Lead Data Scientist),,Более 6 лет,Not specified
Data Scientist,,От 1 года до 3 лет,Not specified
Аналитик данных/Data analytics,,От 3 до 6 лет,Not specified
Технический лидер BI,"Power BI, Tableau, Qlik Sense, QlikView, Big Data, Визуализация данных",Более 6 лет,Not specified
Senior Data Analyst,"SQL, Python, Аналитика данных, Data Analysis, Бизнес-анализ, DataLens, Google Sheets, Продуктовая аналитика",От 3 до 6 лет,Not specified
Аналитик данных (Data Science),"Python, Numpy, pandas, Matplotlib, SQL, MS SQL, PostgreSQL",От 3 до 6 лет,Not specified
Руководитель IT проектов,"Управление проектами, Аналитическое мышление, Расстановка приоритетов, Проектный менеджмент, гибкие методологии, Agile Project Management, NLP, Big Data",От 3 до 6 лет,Not specified
Руководитель IT-проекта (разработка),,Более 6 лет,Not specified
Product Owner,,От 3 до 6 лет,Not specified
Дата аналитик отдела устойчивого развития \ Sustainability Program Data Analyst,,От 1 года до 3 лет,Not specified
Ведущий менеджер по работе с клиентами,,Более 6 лет,Not specified
Аналитик Junior/Middle,"CRM, MS SQL, PostgreSQL, Power Pivot, MS Excel, Olap-кубы, BI, ERP, Python, SQL, Big Data, data science, CM, ML, data-research",От 3 до 6 лет,Not specified
Владелец продукта (команда кредитное решение),,От 3 до 6 лет,Not specified
Data Engineer,,От 1 года до 3 лет,Not specified
Fullstack QA (C#),,От 1 года до 3 лет,Not specified
Fullstack QA (гибридный формат работы),,От 3 до 6 лет,Not specified
MLops/Data Engineer,,От 1 года до 3 лет,Not specified
BI-разработчик / Data Engineer (Microsoft Stack),,От 1 года до 3 лет,Not specified
Аналитик данных (DWH/BI),"PL/SQL, Системный анализ, PostgreSQL, Greenplum, BI, Python, Анализ данных, DataVault, Hadoop, ORACLE",От 1 года до 3 лет,Not specified
Инженер данных/ Аналитик данных,,От 3 до 6 лет,Not specified
Бизнес-аналитик,,От 3 до 6 лет,Not specified
Разработчик Java Senior,,Более 6 лет,Not specified
Data Engineer (DataLens),,От 3 до 6 лет,Not specified
"Аналитик данных [DSP, МТС Веб Сервисы]",,От 3 до 6 лет,Not specified
Руководитель группы продаж,"B2B Продажи, Организаторские навыки, Управление командой",От 3 до 6 лет,Not specified
Руководитель отдела портфельного управления (Collection),"Аналитическое мышление, SQL, MS Excel, Python, Руководство коллективом, Power BI",От 3 до 6 лет,Not specified
Data Engineer / Data analyst,"Python, SQL, Power BI, Tableau, DWH, PHP, СУБД, ELT / ETL, Clickhouse",От 1 года до 3 лет,Not specified
Data analyst (DWH),"Data Analysis, DWH, Big Data",От 1 года до 3 лет,Not specified
Data Analyst (Центр операционной зрелости),,От 1 года до 3 лет,Not specified
Аналитик данных/JS-разработчик,,От 1 года до 3 лет,Not specified
Аналитик DWH/BI,"Бизнес-анализ, Сбор требований, Проектная документация, Интервьюирование, Системный анализ, Ведение переговоров, SQL, BI, DWH, Greenplum, PostgreSQL, СУБД",От 1 года до 3 лет,Not specified
Pre-sale manager,"SQL, Разработка технических заданий, BPMN, UML, Системный анализ, Работа с базами данных",От 3 до 6 лет,Not specified
Бизнес-аналитик направления рисков,,Более 6 лет,Not specified
Руководитель направления интернет-маркетинга (МТС AdTech),"Интернет-маркетинг, Яндекс.Метрика, B2B-маркетинг, Яндекс.Директ, Telegram Ads",От 3 до 6 лет,Not specified
Media Buyer / Traffic Manager (МТС AdTech),,От 1 года до 3 лет,Not specified
Senior Data Analyst / Старший аналитик данных,"Power BI, SQL, Python, Математическая статистика, Интерпретация данных",От 3 до 6 лет,Not specified
HR Analyst/HR аналитик,"Transact-SQL, HR-аналитика, Power BI",От 3 до 6 лет,Not specified
Data engineer,,От 1 года до 3 лет,Not specified
AI Engineer (инженер по ИИ) data science (дата-сайентист),"Git, Python, PostgreSQL, LangChain, LangFlow, LLM, RAG, NLP",От 3 до 6 лет,Not specified
Бизнес-аналитик (Цифровые продукты),"Бизнес-анализ, Аналитическое мышление, User Story, Jobs To Be Done, Use case, BPMN, BRD, Стратегическое планирование, Системный анализ, Моделирование бизнес-процессов, Описание бизнес-процессов, Оптимизация бизнес-процессов",От 3 до 6 лет,Not specified
Бизнес-аналитик управления развития аналитической платформы и качества данных,,От 1 года до 3 лет,Not specified
Digital Marketing Manager (E-commerce),,От 1 года до 3 лет,Not specified
Продуктовый аналитик,,От 3 до 6 лет,Not specified
Аккаунт директор (IT-проекты e-comm и data-направление),"Управление коммуникациями, Планирование бюджета, Управление ресурсами, Деловая коммуникация, Управление ожиданиями, Управление рисками, Основы управления проектами",От 3 до 6 лет,Not specified
Data аналитик,,От 1 года до 3 лет,Not specified
Бизнес-аналитик данных,"BI, Business Process Managemen, SQL, Excel, DWH, BPMN, UML, MS Visio, Draw.io, Глоссарий, PostgreSQL, ORACLE, MySQL",От 1 года до 3 лет,Not specified
Телемаркетолог,"Телефонные переговоры, Деловое общение, Активные продажи, Деловая переписка, Работа с возражениями, Клиентоориентированность, Консультирование клиентов, Прямые продажи, Проведение презентаций, Метод Центра оценки, Работа с CRM, Ответственность, Исполнительность, IP-телефония, Обучаемость, Работа с клиентами, Выявление потребностей",От 1 года до 3 лет,Not specified
Senior Data Analyst,"Python, SQL, Математическая статистика, Big Data, A/B тесты",От 3 до 6 лет,Not specified
Финансовый аналитик,"Python, SQL, A/B тесты, Google Analytics, Яндекс.Метрика, AppsFlyer, Firebase",От 3 до 6 лет,Not specified
"Junior NLP, LLM Data Scientist (блок ""В2С"")",,Нет опыта,Not specified
Аналитик DWH,"DWH, Business intelligence, PostgreSQL, Python, Apache Airflow, dbt",От 1 года до 3 лет,Not specified
Аналитик данных в Маркет,"Анализ данных, Математический анализ, Исследовательский анализ данных, Data Analysis, SQL, Python, Математическая статистика, Big Data",От 3 до 6 лет,Not specified
Middle Data Analyst,,От 1 года до 3 лет,Not specified
Бизнес-аналитик (финмоделирование),"Управление бэклогом, владелец продукта, product owner, бизнес-аналитик, MS Excel, Python, Agile, XGBoost, Scikit-learn",От 1 года до 3 лет,Not specified
"Менеджер по продажам ИТ (WEB, AI)",,От 1 года до 3 лет,Not specified
TL Data Scientist,"SQL, BigData, Hadoop, Machine Learning, Python, Data Science",Более 6 лет,Not specified
SMM-стратег / Lead SMM (онлайн школа),"SMM, SMM-стратегия, Контент-маркетинг",От 3 до 6 лет,Not specified
Data Business Analyst,,От 1 года до 3 лет,Not specified
Data-Архитектор (IT),,Более 6 лет,Not specified
SRE-инженер,"SRE, Python, Go, BigData, Prometheus, Grafana",От 3 до 6 лет,Not specified
Data Governance Manager / Менеджер по управлению данными,"Data Governance, Data Analysis, DWH, SQL, MS SQL, Системный анализ, Постановка задач разработчикам, DMBoK, Data Privacy, Business Intelligence Systems, Power BI",От 3 до 6 лет,Not specified
Бизнес-аналитик middle,"Бизнес-анализ, Управление ожиданиями, Стратегическое планирование, Описание бизнес-процессов, Оптимизация бизнес-процессов, Управление бизнес процессами",От 1 года до 3 лет,Not specified
E-commerce: Менеджер продаж сервиса аналитики MPSTATS,"Активные продажи, Поиск и привлечение клиентов, Развитие продаж, Работа с дебиторской задолженностью, Деловая коммуникация, Холодные продажи, Навыки продаж, Планирование продаж, Аналитика продаж, Деловое общение, Телефонные переговоры, B2B Продажи, Прямые продажи, Проведение презентаций, Управление продажами, Деловая переписка, Навыки презентации, Навыки переговоров, Обучение персонала, Организаторские навыки",Более 6 лет,Not specified
Data Analyst (Управление координации стратегических проектов по фондированию и лояльности),,От 1 года до 3 лет,Not specified
BI аналитик-разработчик / BI developer,"Power BI, Power Query, DAX, Визуализация данных, Документирование бизнес-требований, SQL, Английский язык",От 1 года до 3 лет,Not specified
Специалист НСИ (система Честный знак),,От 3 до 6 лет,Not specified
Full stack аналитик (Электронный чиновник),,От 3 до 6 лет,Not specified
Портфельный аналитик (Risk Data Analyst),,От 1 года до 3 лет,Not specified
Инженер технической поддержки,,От 1 года до 3 лет,Not specified
Продуктовый аналитик (PREMIER),"SQL, Python, Spark, Clickhouse, A/B тесты",От 1 года до 3 лет,Not specified
Аккаунт-менеджер / Координатор проектов,"Грамотная устная и письменная речь, Общение с клиентами, Координация проектов, Многозадачность, Расстановка приоритетов, Деловая переписка, Ориентация на клиента",От 1 года до 3 лет,Not specified
Data Engineer (Электронный чиновник),,От 3 до 6 лет,Not specified
Data Analyst,,От 3 до 6 лет,Not specified
Data scientist (Центр модельных рисков розничного бизнеса),,От 1 года до 3 лет,Not specified
Аналитик в команду Mobile Big Data,,От 1 года до 3 лет,Not specified
Lead Data Steward/ Дата-менеджер/Аналитик данных,,От 1 года до 3 лет,Not specified
Креативный дизайнер (с опытом в 3D),"Adobe Photoshop, Adobe Illustrator, Графический дизайн, Blender 3D",От 1 года до 3 лет,Not specified
Главный аналитик BI (DWH),"Power BI, PostgreSQL, ETL, DWH, Работа с базами данных, Системный анализ, Базы данных, Big Data",От 1 года до 3 лет,Not specified
Менеджер по продажам B2B (теплые клиенты),"Активные продажи, Поиск и привлечение клиентов, Навыки продаж, SPIN-продажи, Холодные продажи, Телефонные переговоры, Деловая переписка, Выявление потребностей, Стратегия продаж, Консультативные продажи",Нет опыта,Not specified
CRO (Chief Risk Officer),,Более 6 лет,Not specified
Архитектор хранилища данных,"DWH, Clickhouse, Apache Airflow, Apache NiFi",От 3 до 6 лет,Not specified
Менеджер направления качества данных,"Качество данных, Управление данными, Data Governance, DWH, MDM",От 3 до 6 лет,Not specified
Data-аналитик (middle),,От 3 до 6 лет,Not specified
Продуктовый аналитик,,От 1 года до 3 лет,Not specified
Руководитель отдела продукта (Цифровые продукты и сервисы Medtech),,От 3 до 6 лет,Not specified
Менеджер по работе с клиентами/Account Manager,,От 1 года до 3 лет,Not specified
"Data Analyst (Marketing Analytics, Mobile In-App)",,От 3 до 6 лет,Not specified
Руководитель проектов КХД,"PostgreSQL, СУБД, ETL, Power BI, Visiology, DWH, Data Governance, Управление проектами, SQL, ORACLE, Apache Airflow, Apache NiFi, Анализ данных, ИТ-архитектура, Визуализация данных, КХД, Отчетность, Agile",От 1 года до 3 лет,Not specified
Data analyst,"Apache Spark, Apache Kafka, Java",От 1 года до 3 лет,Not specified
Senior Data Engineer,"Python, SQL, Clickhouse, MySQL",От 3 до 6 лет,Not specified
Руководитель Digital маркетинга,,От 3 до 6 лет,Not specified
IT- Рекрутер/Специалист по подбору персонала,,От 1 года до 3 лет,Not specified
Data Engineer / Инженер данных (уровень Middle),"Python, SQL, Yandex Cloud, 1С",От 1 года до 3 лет,Not specified
Руководитель направления ухода от массового промо,"Оценка эффективности промо акций, Трейд-маркетинг, Трейд-маркетинговая стратегия, Маркетинговые метрики, Сегментация рынка, Персональное промо, Анализ эффективности маркетинговых кампаний, A/B тесты, Целевой маркетинг",От 3 до 6 лет,Not specified
Инженер данных / Data Engineer,"SQL, Python, PostgreSQL, Apache Kafka, Linux, Grafana, Docker, Kubernetes, Spark",От 3 до 6 лет,Not specified
"Бизнес-эксперт (Wildberries, Ozon)","Аналитика маркетплейсов, Маркетплейсы, E-Commerce, Навыки переговоров, Аналитическое мышление, Деловое общение, Управление отношениями с клиентами, Управление временим, Выстраивание долгосрочных отношением, Управление проектами",От 1 года до 3 лет,Not specified
Главный аналитик (бизнес анализ и моделирование),"Анализ финансовых показателей, SQL",От 3 до 6 лет,Not specified
Data Architect/Архитектор данных,,От 3 до 6 лет,Not specified
Риск аналитик (ПВР),,От 1 года до 3 лет,Not specified
Портфельный риск-менеджер,"Портфельные риски, MS SQL",От 1 года до 3 лет,Not specified
Системный аналитик,,От 3 до 6 лет,Not specified
Бизнес-аналитик,,От 3 до 6 лет,Not specified
Quant Analyst / Quantitative Researcher,,Более 6 лет,Not specified
Разработчик DWH и BI (ЕХД Oracle),"DWH, ORACLE, SQL, Oracle Pl/SQL",От 3 до 6 лет,Not specified
Lead Data Engineer / Инженер по данным,"SQL, DWH, ETL, Apache Airflow, Dagster, DataVault, PostgreSQL, Clickhouse, REST API, Python, Наставничество",От 3 до 6 лет,Not specified
Data Engineer,,От 1 года до 3 лет,Not specified
Strategy Group Head (Digital),"Управление командой, Тендерная стратегия, Стратегическое мышление, Mobile Marketing",От 3 до 6 лет,Not specified
Middle Product analyst (pricing),"SQL, Python, Аналитика, Data Analysis, Статистический анализ, Статистика, Математическая статистика, Аналитическое мышление, Анализ данных, Математический анализ, Hadoop",От 1 года до 3 лет,Not specified
Data Analyst,"Бизнес-анализ, P&L, Финансовое планирование, План-факт анализ, Бюджетирование ФОТ, Финансовый анализ, Финансовый контроль, Автоматизация бизнес-процессов, Анализ бизнес-процессов, ERP-системы на базе 1С, Формирование аналитической отчетности, MS Excel",От 3 до 6 лет,Not specified
Системный аналитик DWH (в офис),"SQL, Системный анализ, Анализ требований, Teradata, Big Data, Hadoop, Apache Hive",От 1 года до 3 лет,Not specified
Системный аналитик (DWH),"Atlassian Jira, SQL, Atlassian Confluence, Big Data, Hadoop",От 1 года до 3 лет,Not specified
Data Analyst,,От 3 до 6 лет,Not specified
Senior Business Analyst/Project Manager AI/ML,"Project management, Бизнес-анализ, Business Development, Управление рисками, Аналитическое мышление, Python, Marketing Analysis, Business Analysis, Data Analysis, ML, BPMN, Product Ownership",От 3 до 6 лет,Not specified
Middle Rust Engineer,"rust, Python",От 3 до 6 лет,Not specified
"Бизнес-аналитик/ CJE в кластер ""Семейный банк""",,От 3 до 6 лет,Not specified
Бизнес-аналитик (аналитическое сопровождение взыскания),"MS SQL, Взыскание задолженности",От 1 года до 3 лет,Not specified
Data Analyst (Data Solution),,От 3 до 6 лет,Not specified
Специалист по разработке отчетов (Reporting Developer),,От 1 года до 3 лет,Not specified
Аналитик данных (СберТранспорт),,От 3 до 6 лет,Not specified
Дата-аналитик,,От 1 года до 3 лет,Not specified
Категорийный менеджер (Электрика),"Ведение переговоров, Обучение и развитие, Деловое общение, Развитие продаж",От 3 до 6 лет,Not specified
Team Lead развития DWH,"Дата инженер, DE Архитектор, SQL, Airflow, MongoDB, REST API, PostgreSQL, MS SQL, Ceph, Opensearch, Elasticsearch",От 3 до 6 лет,Not specified
Супервайзер,,От 1 года до 3 лет,Not specified
Младший специалист по медиапланированию (МТС AdTech),,От 1 года до 3 лет,Not specified
"Ведущий архитектор данных (Data & BI, архитектурный консалтинг), со знанием ClickHouse","DWH, Data Lake, ETL/ELT, НСИ, BigData, SQL, NoSQL, Hadoop, Spark, Clickhouse, Vertica, Visiology, Power BI, Qlik, Tableau",Более 6 лет,Not specified
ML разработчик/Data scientist,"Machine learning, Python, pandas, PyTorch, DeepL",От 1 года до 3 лет,Not specified
"Таргетолог ВК, ТГ (онлайн школа)","Telegram, Таргетинг, Анализ трафика",От 1 года до 3 лет,Not specified
Системный аналитик,,От 1 года до 3 лет,Not specified
Data-аналитик,"Use cases, User Story, IDEF, BPMN, eEPC, UML, Customer Journey Maps, Power BI, Excel, Tableau, Scrum, Jira, Confluence, CJM",Более 6 лет,Not specified
Data analyst ( Мiddle/Middle+ ),"Data Science, SQL, Hive, PostgreSQL, Greenplum, Python, pandas, Polars, SciPy, Numpy, Matplotlib, Seaborn, Plotly, Bokeh",От 3 до 6 лет,Not specified
Аналитик ЦБ отчетности,"SQL, Atlassian Confluence, Greenplum, Atlassian Jira, Hadoop",От 1 года до 3 лет,Not specified
Product Designer,"UX, UI, Figma, Product-market fit, CustDev, User Story, Дизайн интерфейсов",От 3 до 6 лет,Not specified
Системный аналитик DWH,"SQL, Системный анализ, PostgreSQL, Big Data, Постановка задач разработчикам, Разработка функциональных требований, Разработка пользовательской документации, Greenplum, ORACLE",От 3 до 6 лет,Not specified
Менеджер по продажам,Активные продажи,От 1 года до 3 лет,Not specified
Рекрутер по подбору ИТ-специалистов,"Рекрутмент, Подбор персонала",От 1 года до 3 лет,Not specified
Data engineer,,От 1 года до 3 лет,Not specified
Sales Data Domain Leader,,От 3 до 6 лет,Not specified
Директор департамента корпоративных продаж,,Более 6 лет,Not specified
Специалист внедрения ИИ в процессы,"Python, SQL, REST API, JSON",От 3 до 6 лет,Not specified
Data analyst,,От 1 года до 3 лет,Not specified
Data Engineer,"SQL, Python, Clickhouse, PostgreSQL",От 1 года до 3 лет,Not specified
Начальника отдела системной архитектуры и анализа данных,"Аналитические исследования, Руководство коллективом, MS SQL, Бизнес-анализ, MS Power BI, MS Visio, Разработка технических заданий, Моделирование бизнес-процессов, Python",От 3 до 6 лет,Not specified
Телемаркетолог,"Телефонные переговоры, Деловое общение, Активные продажи, Деловая переписка, Работа с возражениями, Клиентоориентированность, Консультирование клиентов, Прямые продажи, Проведение презентаций, Метод Центра оценки, Работа с CRM, Ответственность, Исполнительность, IP-телефония, Обучаемость, Работа с клиентами, Выявление потребностей",От 1 года до 3 лет,Not specified
Data Engineer,,От 3 до 6 лет,Not specified
Менеджер по маркетинговым исследованиям и аналитике,,От 3 до 6 лет,Not specified
Product owner (Bigdata),"Продуктовые метрики, Продуктовая стратегия, Английский язык, Ведение переговоров",От 3 до 6 лет,Not specified
Системный аналитик,,От 1 года до 3 лет,Not specified
Ведущий аналитик по планированию ассортимента,,От 1 года до 3 лет,Not specified
Data Analyst,"Power BI, SQL, Python",От 3 до 6 лет,Not specified
Data Analyst / BI Developer,"SQL, Python, Apache Airflow, Clickhouse",От 1 года до 3 лет,Not specified
Data science,,От 3 до 6 лет,Not specified
Business/Data Analyst,"Kafka, InfluxDB, SQL, Grafana",От 3 до 6 лет,Not specified
Пресейл-специалист по направлению сервисная и техническая поддержка ИТ-инфраструктуры,"Пресейл, Сервис, Аналитика",От 1 года до 3 лет,Not specified
Менеджер по кадровому делопроизводству,,От 3 до 6 лет,Not specified
Маркетолог-аналитик (маркетплейсы),"Маркетинговые исследования, E-Commerce, CTR, CPM, CPO",От 1 года до 3 лет,Not specified
Mobile Data Architect,"Swift, Kotlin, Data Analysis, Computer science, Kotlin Multiplatform, JavaScriptCore, iOS, Foreign Function Interface, Data Modeling",Более 6 лет,Not specified
Lead Data Analyst (Analytics Team),"SQL, Python, Data Analysis",От 3 до 6 лет,Not specified
BI Analyst,,От 3 до 6 лет,Not specified
Data engineer,"SQL, PostgreSQL, Работа с базами данных, СУБД, Python, ETL, DWH, Git, Docker",От 3 до 6 лет,Not specified
Data Engineer (Middle+/ Senior),"Apache Airflow, Python, Apache Kafka, Apache Spark, ETL, OMD",От 3 до 6 лет,Not specified
Senior Data Engineer,,От 3 до 6 лет,Not specified
Системный аналитик СКП,"UML, BPMN, Системный анализ, XML, Atlassian Confluence, ER-диаграммы, ERD, Постановка задач разработчикам",От 3 до 6 лет,Not specified
Аналитик данных (МТС AdTech),"SQL, Аналитическое мышление, Продуктовые метрики, Визуализация данных, Power BI",От 1 года до 3 лет,Not specified
Project manager по СХ стратегии,,От 1 года до 3 лет,Not specified
Руководитель отдела C&B,,От 3 до 6 лет,Not specified
New Business Manager/Project manager (Digital),,От 1 года до 3 лет,Not specified
MLOps/Devops инженер,,От 3 до 6 лет,Not specified
Customer Journey Expert/Продуктовый аналитик в команду Клиентской коммуникации,"Продуктовый аналитик, CJE, Аналитическое мышление, SQL, SDP, Jira, Интеграционное тестирование",От 3 до 6 лет,Not specified
Solution Architect (.NET) / Архитектор решений,".NET Core, .NET Framework, ASP.NET, PostgreSQL, Микросервисная архитектура, MongoDB, Redis, CI/CD, RabbitMQ, ИТ-архитектура, Антикризисное управление, Руководство коллективом, Enterprise Architect, C#, DevOps, Apache Airflow",От 3 до 6 лет,Not specified
Руководитель направления защиты данных,"Информационная безопасность, DWH, Big Data, Защита данных",От 3 до 6 лет,Not specified
Руководитель разработки / Head of Development,,Более 6 лет,Not specified
Риск-стратег,,От 1 года до 3 лет,Not specified
Продуктовый аналитик/аналитик данных в Мобильную платформу,"Python, Математическая статистика, а/b тестирование",От 3 до 6 лет,Not specified
Web аналитик,"Яндекс.Метрика, Google Analytics, MS PowerPoint",От 1 года до 3 лет,Not specified
Менеджер по продукту,,От 3 до 6 лет,Not specified
Lead Data Engineer,"Python, SQL, PostgreSQL, Big Data, Git, Clickhouse, Apache Airflow, Data Engineering, k8s, Hadoop, Linux, PySpark, Apache Spark, Наставничество",Более 6 лет,Not specified
Client Success Manager / Account менеджер,Customer Success,От 1 года до 3 лет,Not specified
Бизнес-аналитик/ CJE в в службу бизнес - аналитики и планирования,,От 3 до 6 лет,Not specified
Специалист по работе с базами данных (Data Analyst Master data),,От 1 года до 3 лет,Not specified
Стажер в департамент по работе с аналитическими и медиа продуктом,"MS Excel, MS PowerPoint, макросы, Анализ данных, Точность и внимательность к деталям, Английский язык",Нет опыта,Not specified
Senior Data Scientist в команду аналитики профилей в AI VK,"Python, SQL, Power BI",От 1 года до 3 лет,Not specified
Аналитик данных в Малый и Микро Бизнес,,От 3 до 6 лет,Not specified
Специалист по развитию и поддержке бизнес-систем,"ELMA, API, TypeScript, CRM, Power BI, SQL, MS Excel, Анализ бизнес-процессов, Реинжиниринг бизнес-процессов, Автоматизация бизнес-процессов",От 1 года до 3 лет,Not specified
Менеджер по эконометрическому моделированию / Econometrician,"Python, ROI, эконометрическое моделирование, Power BI, Сбор и анализ информации, Статистика",От 1 года до 3 лет,Not specified
Аналитик данных,"SQL, Python, Excel, Qlik Sense",От 1 года до 3 лет,Not specified
Senior Data Analyst,,От 3 до 6 лет,Not specified
Data Scientist,,От 3 до 6 лет,Not specified
International recruiter (Business hiring),"Оценка кандидатов, Подбор персонала",От 1 года до 3 лет,Not specified
Архитектор решений / Ведущий инженер систем управления производством,"MES-системы, АСУ ТП, IIoT, Техническая документация, Разработка технических заданий, Atlassian Jira, Atlassian Confluence, User Story",От 3 до 6 лет,Not specified
Аналитик в Центр стратегической аналитики и больших данных НИУ ВШЭ,,От 3 до 6 лет,Not specified
Специалист по скорингу и анализу данных,"SQL, Python, MS Excel, Основы баз данных, Предобработка данных, Скоринговая карта, Анализ рисков, Data Analysis",От 1 года до 3 лет,Not specified
Маркетолог-аналитик,,От 3 до 6 лет,Not specified
"Системный архитектор, отдел ИРО",,От 3 до 6 лет,Not specified
Младший аккаунт менеджер,"Деловая переписка, Деловые коммуникации, Договорная работа, Управление коммуникациями, Грамотная письменная речь, Ведение переговоров, Подготовка коммерческих предложений, Сопровождение клиентов, Деловое общение, Организаторские навыки",От 1 года до 3 лет,Not specified
"Senior Data Analyst (AB тестирование, ML модели)","Python, SQL, ML, pandas, Scikit-learn, CatBoost, PyTorch, Greenplum, Trino, Hadoop, PySpark, Apache Hive, Apache Airflow, MLflow, JupyterHub, k8s, Анализ данных, Data Science",От 3 до 6 лет,Not specified
Data Scientist/ ML Engineer на Интеллектуальную платформу коммуникации,"Python, LLM",От 3 до 6 лет,Not specified
Data Engineer,,От 1 года до 3 лет,Not specified
Senior Data Analyst,,От 3 до 6 лет,Not specified
Data Analyst,,От 3 до 6 лет,Not specified
Ведущий BI-аналитик,"Power BI, SQL, MS SQL, Визуализация данных",От 3 до 6 лет,Not specified
Data Engineer,,От 3 до 6 лет,Not specified
Специалист по инфлюенс-маркетингу и ивент-поддержке,"Деловая коммуникация, Деловая переписка, Аналитическое мышление, Организация мероприятий, Работа с большим объемом информации, Документооборот, Influence-маркетинг, Блогеры, Копирайтинг, Маркетинговый анализ",Нет опыта,Not specified
Data Engineer,,От 3 до 6 лет,Not specified
Senior Data Analyst,,От 3 до 6 лет,Not specified
Бизнес-аналитик,"SQL, Аналитическое мышление, Анализ данных",От 3 до 6 лет,Not specified
Специалист по инфлюенс-маркетингу и ивент-поддержке,"Деловая коммуникация, Деловая переписка, Аналитическое мышление, Организация мероприятий, Работа с большим объемом информации, Документооборот, Influence-маркетинг, Блогеры, Копирайтинг, Маркетинговый анализ",Нет опыта,Not specified
Главный аналитик направления (предиктивный анализ в производстве),,От 1 года до 3 лет,Not specified
Data Analyst,,Более 6 лет,Not specified
Data Engineer (Middle),,От 3 до 6 лет,Not specified
ML Data Scientist (Senior),"Python, Machine Learning, Plotly, SQL, Sinara ML",От 3 до 6 лет,Not specified
Middle Data Scientist (Прогноз заказов и оптимизация),"SQL, Python, ML, Airflow, Kubernetes, Docker",От 1 года до 3 лет,Not specified
Customer Supply Chain Senior Analyst / Старший аналитик клиентской цепочки поставок,"Python, SQL, Data Analysis, Анализ данных, R, Power BI, Supply Chain Management, Retail, Customer Needs Analysis",От 3 до 6 лет,Not specified
Системный aналитик,,От 1 года до 3 лет,Not specified
Менеджер продукта ( Data Platform и ML ),,От 3 до 6 лет,Not specified
Data scientist (Валидатор моделей банковской и торговой книг),,От 1 года до 3 лет,Not specified
Аналитик данных,,От 3 до 6 лет,Not specified
Системный аналитик (блок корпоративные функции),"Confluence, Atlassian Jira, Use case, Use Story, Customer Experience, СJM, BPM",От 3 до 6 лет,Not specified
Аналитик данных (Data analyst),"Power BI, Power Query, Power Pivot, Olap (online analytical processing), VBA, SQL, Python",От 1 года до 3 лет,Not specified
SMM- менеджер / Контент-маркетолог (онлайн школа),"Контент-маркетинг, SMM, Работа с большим объемом информации",От 1 года до 3 лет,Not specified
Инженер по информационной безопасности/ Аналитик DLP,"Информационная безопасность, Аудит информационной безопасности, Служебные расследования, DLP (Devicelock, Search Inform, Spector360)",От 1 года до 3 лет,Not specified
Аналитик данных,"SQL, Python",От 1 года до 3 лет,Not specified
Data аналитик/Аналитик DWH,"SQL, Разработка технических заданий, DWH, ETL",От 3 до 6 лет,Not specified
Бизнес-аналитик (commercial excellence),"SQL, Python, Бизнес-анализ, Power BI",От 3 до 6 лет,Not specified
Владелец продуктового направления PLM\PDM,"Управление портфелем продуктов, PDM, PLM, Производственные системы, Руководитель продуктового направления",От 3 до 6 лет,Not specified
Junior Data analyst (Anti-Fraud) / Младший аналитик данных (группа противодействия мошенничеству),"Python, Linux, HTTP, DNS, HTTPS, TCP/IP, pandas, Matpotlib, Numpy, SQL, PostgreSQL",От 1 года до 3 лет,Not specified
"Data Scientist (NLP), middle","Машинное обучение, Python, SQL, MySQL, Clickhouse, PostgreSQL, Numpy, SciPy, sklearn, PyTorch, TensorFlow, Git, Jupyter, Airflow, MLflow",От 1 года до 3 лет,Not specified
Бизнес-аналитик КХД (маркетплейсы),,От 3 до 6 лет,Not specified
Аналитик 1С МСФО,"МСФО, 1С",От 1 года до 3 лет,Not specified
Data Scientist (Прогнозирование спроса и ДЦО Ритейл),"Python, SQL, pandas, Numpy, sklearn, ML, Machine learning",От 1 года до 3 лет,Not specified
Data Scientist Senior,,От 3 до 6 лет,Not specified
Финансовый аналитик ИТ-проектов,"MS Excel, МСФО, РСБУ, Big Data, Подготовка управленческой отчетности, 1С, Power BI, Power Query, SQL",От 1 года до 3 лет,Not specified
Системный аналитик (Test Data Management),"ERD, BPMN, Разработка пользовательской документации, UML, SDLC",От 3 до 6 лет,Not specified
Lead Backend Developer (Python),"Python, Clickhouse, pandas, Numpy, FastAPI",От 3 до 6 лет,Not specified
Data Scientist (LLM),"LLM, NLP, Big Data",От 3 до 6 лет,Not specified
Менеджер по развитию бизнеса (Hybrid),,От 1 года до 3 лет,Not specified
Методолог-аналитик,"Наполнение контентом, Английский язык, Упаковка контента, Обучающие продукты",От 3 до 6 лет,Not specified
Ведущий Data аналитик,"SQL, Python, PostgreSQL, Apache Airflow, pandas, MS Excel",От 3 до 6 лет,Not specified
Менеджер ИТ-проектов (внедрение бизнес-приложений),"MS Project, Atlassian Confluence, Atlassian Jira, Agile Project Management",От 3 до 6 лет,Not specified
Data analyst (колл-центр),"Python, Analytical skills, pandas, Numpy, SQL, Apache Airflow, Superset",От 1 года до 3 лет,Not specified
Руководитель команды Data Science в AI VK,"Python, SQL, Алгоритмы и структуры данных",От 3 до 6 лет,Not specified
Data Analyst (Модерация),"SQL, Python, Redash, Surerset, BI, Clickhouse",От 1 года до 3 лет,Not specified
Data Engineer,"Python, PostgreSQL, Big Data",От 3 до 6 лет,Not specified
Менеджер по исследованиям потребителей / Consumer insights manager / CI Manager,"insights, качественные исследования, количественные исследования, аналитика, Английский язык, Ipsos, Data Mining: GFK, nielsen, consumer insights",От 3 до 6 лет,Not specified
Разработчик (Архитектор данных),"Big Data, Hadoop, Spark, Python, skala",От 3 до 6 лет,Not specified
Менеджер по анализу больших данных (Big Data),"SQL, Python, Spark, PySpark, Hadoop",От 1 года до 3 лет,Not specified
Data Analyst,,От 3 до 6 лет,Not specified
Senior recruiter / Team Lead mass-recruitment (Indonesia),,От 3 до 6 лет,Not specified
Middle+/senior product manager (рекомендательные системы),,От 3 до 6 лет,Not specified
Руководитель отдела развития товарной группы,,Более 6 лет,Not specified
Analyst (BI Team) / Аналитик (Команда BI),"Power BI, DAX, SQL, Основы баз данных, Анализ бизнес-процессов",От 3 до 6 лет,Not specified
DS/ML engineer,"Python, Алгоритмы и структуры данных, SQL, Big Data",От 3 до 6 лет,Not specified
"Data Analyst (блок ""Сеть Продаж"")",,От 1 года до 3 лет,Not specified
Senior Data Analyst,,Нет опыта,Not specified
Senior digital-стратег,,От 3 до 6 лет,Not specified
Категорийный менеджер (Сезонные категории),"Ведение переговоров, Обучение и развитие, Деловое общение, Развитие продаж",От 3 до 6 лет,Not specified
Менеджер в отдел холодных B2B продаж (IT сфера),"Стратегия продаж, Активные продажи, Поиск и привлечение клиентов, Работа с CRM, Заключение договоров, Телефонные переговоры, Организаторские навыки",От 1 года до 3 лет,Not specified
Data Engineer,,От 3 до 6 лет,Not specified
Бизнес-аналитик (внедрение RPA и AI),"Бизнес-анализ, SQL, Разработка бизнес-требований, Анализ бизнес-процессов, Разработка технических заданий, Моделирование бизнес-процессов, Описание бизнес-процессов, Постановка задач разработчикам, Оптимизация бизнес-процессов",От 1 года до 3 лет,Not specified
Аналитик интеграции,"SQL, Аналитика, PostgreSQL, UML, BPMN, SOAP, REST API, JSON, PCI/PA DSS, Operational Data Store",От 3 до 6 лет,Not specified
Data Scientist,"SQL, Python, Olap (online analytical processing), Аналитическое мышление, MS SQL",От 3 до 6 лет,Not specified
Data Engineer (Senior),,От 3 до 6 лет,Not specified
BI-разработчик / Data Engineer (Microsoft Stack),,От 1 года до 3 лет,Not specified
Системный аналитик / System analyst,,Более 6 лет,Not specified
"Менеджер по продажам (Теплые лиды, IT-продукт)","Активные продажи, Теплые продажи, Выявление потребностей",От 1 года до 3 лет,Not specified
Media Buyer (In-App Traffic),"Media Buying, in app, dsp",От 3 до 6 лет,Not specified
Старший продуктовый аналитик,SQL,От 3 до 6 лет,Not specified
Product-manager (EdTech),"Продуктовые метрики, Unit-экономика, Roadmap, Customer Journey Mapping, Kanban, Разработка бизнес-требований, Планирование ресурсов, Product-market fit, Управление ресурсами, Управление бэклогом, Agile, Scrum, Продуктовая стратегия, Приоритизация бэклога, Постановка задач разработчикам, Управление изменениями, CustDev",От 3 до 6 лет,Not specified
Middle Data Analyst,,От 3 до 6 лет,Not specified
Старший Data аналитик,"SQL, Python, Apache Airflow, Анализ данных, MS Excel",От 3 до 6 лет,Not specified
Data Scientist,"Python, SQL",От 1 года до 3 лет,Not specified
Аналитик в отдел маркетинга,"MS Excel, SQL, Маркетинговые исследования, Big Data",От 3 до 6 лет,Not specified
Архитектор КХД,,От 3 до 6 лет,Not specified
Менеджер M&A проектов | Инвестиционный аналитик,,От 1 года до 3 лет,Not specified
Data Scientist (Малый и Микро Бизнес),,От 1 года до 3 лет,Not specified
Data analyst,,От 1 года до 3 лет,Not specified
Consumer Insights Manager / Researcher / Analyst,"опросные количественные исследования и SML, опросные количественные исследования, SML, Consumer Insights manager, BLS, BHT-исследования на онлайн-панелях, BLS-исследования, BHT, онлайн панели, Creative Tests, SML, Ad Hoc, проведение количественных маркетинговых исследований, OMI, Tiburon, SPSS, SML проекты (YouScan, Медиалогия, Brand Analytics)",От 1 года до 3 лет,Not specified
Аналитик E-com,"SQL, Анализ данных, R, Data Science",От 1 года до 3 лет,Not specified
BI-аналитик (Аналитик данных),,От 1 года до 3 лет,Not specified
"Senior Data Analyst (""Рекомендации"")","SQL, Python, A/B тесты",От 3 до 6 лет,Not specified
Senior Product Designer (в Finam.ru),"UX, UI, Дизайн, Figma, Agile Project Management, динамические интерфейсы, Прототипирование, Design, Инфографика",От 3 до 6 лет,Not specified
Продуктовый аналитик в международное направление,"SQL, A/B тесты, Python, Математическая статистика",От 3 до 6 лет,Not specified
MLOps-инженер,"Hadoop, Apache Hive, Apache Spark, МРР, SQL, NoSQL, Gitlab CI/CD, Kubernetes, Python",От 3 до 6 лет,Not specified
BI-аналитик / Аналитик данных,,От 3 до 6 лет,Not specified
Data Analyst,"SQL, Hadoop, Spark, ETL, PostgreSQL, Apache Spark",От 3 до 6 лет,Not specified
Market Research Analyst \ Consultant,"Analytical skills, Research, Fluent English",От 1 года до 3 лет,Not specified
Big Data platform engineer (Middle),,От 1 года до 3 лет,Not specified
Data Scientist NLP (портал gosuslugi.ru),,От 3 до 6 лет,Not specified
Разработчик DWH,,От 3 до 6 лет,Not specified
Консультант SAP BW (DATA инженер),,От 3 до 6 лет,Not specified
Главный инженер - Data Science,,От 1 года до 3 лет,Not specified
Product Analyst,,От 3 до 6 лет,Not specified
Data Engineer,,От 3 до 6 лет,Not specified
Data Engineer в Финтех,,От 3 до 6 лет,Not specified
Ведущий аналитик данных (DWH Lead),"DWH, SQL, Power BI",От 3 до 6 лет,Not specified
Chief Revenue Officer (Chief Digital Commercial Officer),,Более 6 лет,Not specified
Руководитель направления / Ведущий финансовый аналитик (моделирование и юнит-экономика),,От 3 до 6 лет,Not specified
Product manager (Acquisition/Activation) в платформу управления облаками Cloudmaster,,От 3 до 6 лет,Not specified
Архитектор ETL,,От 3 до 6 лет,Not specified
Middle iOS developer / iOS разработчик,"iOS, Swift",От 1 года до 3 лет,Not specified
User Acquisition Manager,"AppsFlyer, Google Ads, Unity, Ironsource, DSP, Data Lens, TikTok Ads, Facebook Ads",От 3 до 6 лет,Not specified
Data Engineer/Data аналитик,,От 3 до 6 лет,Not specified
Techlead/Senior Analyst,,От 3 до 6 лет,Not specified
Аналитик-разработчик (Data Scientist) в службу аналитики роста рекламы,"Python, SQL, Scikit-learn, A/B тесты",От 3 до 6 лет,Not specified
Бизнес-аналитик,"Бизнес-анализ, Реинжиниринг бизнес-процессов, Моделирование бизнес-процессов, Описание бизнес-процессов, Разработка бизнес-требований, IDEF0, BPMN, EPC, Разработка функциональных требований, SQL, Анализ бизнес-процессов",От 3 до 6 лет,Not specified
Старший разработчик Hadoop/Cloudera,,От 1 года до 3 лет,Not specified
Руководитель направления ИТ-аудитов,"Аналитическое мышление, Аудит, Аудит ИТ",Более 6 лет,Not specified
Менеджер спецпроектов (Дирекция цифрового контента),,От 1 года до 3 лет,Not specified
Руководитель вертикалей продаж,,От 1 года до 3 лет,Not specified
Руководитель группы программатик рекламы\ Programmatic Group Head,"Programmatic, Маркетинговые коммуникации, Медиапланирование, Анализ эффективности маркетинговых кампаний, Маркетинговые метрики, Запуск маркетинговых кампаний, Яндекс.Метрика",От 3 до 6 лет,Not specified
Data Scientist middle/senior,"Python, Hadoop, Big Data, Machine Learning",От 3 до 6 лет,Not specified
Руководитель отдела аналитики оборотного капитала,"Оборотный капитал, MS Excel, Автоматизация, Руководство коллективом, Финансовая стратегия",От 3 до 6 лет,Not specified
LLМ-разработчик,,От 3 до 6 лет,Not specified
TechPresale,,От 3 до 6 лет,Not specified
Senior Data scientist / Старший эконометрист,"Python, SQL, R, Эконометрика, Marketing mix modeling",От 1 года до 3 лет,Not specified
Системный аналитик,,От 1 года до 3 лет,Not specified
Senior Data Analyst (Supply),"Python, SQL, A/B тесты",От 3 до 6 лет,Not specified
Senior Marketing Analyst,"AppsFlyer, Power BI, Когортный анализ, SQL, Clickhouse",От 3 до 6 лет,Not specified
Менеджер проектов (Big Data),"MS PowerPoint, Аналитические исследования, MS Access, Анализ данных",От 1 года до 3 лет,Not specified
Инженер данных в команду аналитики продаж рекламы,"SQL, Python, ETL, Spark, Hadoop, Apache Hive",От 3 до 6 лет,Not specified
"Senior Product Manager, RX","Английский язык, Market Research, Analytical skills",От 3 до 6 лет,Not specified
Data Engineer,"Python, SQL, UML, Qlik Sense, Linux, MS SQL, Big Data, Математическая статистика, Теория вероятностей, ETL, PostgreSQL, Telegram, Draw.io, MS Excel, Gitlab, Docker, Atlassian Confluence, Power BI, DataLens, DWH, API, Data Analysis",От 1 года до 3 лет,Not specified
Data Analyst (Группа аналитики ключевых показателей),"SQL, Python, Конкурентная аналитика, конкурентный анализ",От 3 до 6 лет,Not specified
DWH разработчик (трайб Data office),,От 3 до 6 лет,Not specified
"Менеджер по продажам (Теплая база, IT-продукт)","Телефонные переговоры, Управление знаниями‎, B2B Продажи",От 1 года до 3 лет,Not specified
Premium Services & Support Analytics Team Lead,,От 3 до 6 лет,Not specified
Data Steward,"Big Data, DWH, Data Governance, Data Lake, BI, Data Mesh, Data Catalog, Business Glossary, Data Steward",От 1 года до 3 лет,Not specified
Бизнес-аналитик (аналитика рыночных данных),"Python, SQL, Data Science, IQVIA, Прогнозирование рынка, Моделирование рынка",От 1 года до 3 лет,Not specified
Data Engineer / Ведущий аналитик данных,"SQL, Appmetrica, Яндекс.Метрика",От 1 года до 3 лет,Not specified
Старший финансовый аналитик (СТМ/Импорт),"Финансовое моделирование, Финансовый анализ, MS Excel, Аналитический склад ума, Аналитическое мышление, Импорт",От 3 до 6 лет,Not specified
"Стажер (Группа по предоставлению услуг в области компьютерной криминалистики, Forensic Technology)","Информационная безопасность, Информационные технологии, SQL, Английский язык",От 1 года до 3 лет,Not specified
Лид продуктовой аналитики,,От 3 до 6 лет,Not specified
Consultant/Market Analyst,,От 3 до 6 лет,Not specified
Руководитель по Инициативам Цифровой Трансформации в ДМС (продажи решений для страховых компаний),,Более 6 лет,Not specified
Product Analytics Team Lead,"SQL, A/B тесты, Data Analysis",От 3 до 6 лет,Not specified
Менеджер по защите персональных данных (DPO),"Информационная безопасность, Тестирование безопасности, Защита персональных данных, Разработка внутренней документации, Служебные расследования, Английский язык, Управление информационной безопасностью, Разработка политики информационной безопасности, Аудит информационной безопасности",От 3 до 6 лет,Not specified
CRM-маркетолог,,От 1 года до 3 лет,Not specified
Senior Data Scientist (розничное кредитование),"Python, SQL, ML, Big Data",От 3 до 6 лет,Not specified
Python разработчик (продукты e-com),"Python, PostgreSQL, Django Framework, Apache Kafka, RabbitMQ, Celery",От 3 до 6 лет,Not specified
"Старший менеджер по транспортно-складским операциям - г. Москва, деревня Лешково",,От 3 до 6 лет,Not specified
Системный архитектор ML,"Python, Базы данных, Математическая статистика, Математическое программирование, Big Data, DataLake, pandas, Numpy, DWH, Docker, Kubernetes, MLflow, Kubeflow, Spark, Hadoop, Flink",От 3 до 6 лет,Not specified
Senior/Team Lead Data Scientist,,От 3 до 6 лет,Not specified
Senior Product,,Более 6 лет,Not specified
Data Scientist (NLP),"Data Science, Machine Learning, NLP",От 3 до 6 лет,Not specified
Data Analyst (проект Честный знак),"SQL, Python, DAX, ETL",От 3 до 6 лет,Not specified
Digital-маркетолог,,От 1 года до 3 лет,Not specified
System Analyst,,От 3 до 6 лет,Not specified
Веб-аналитик,,От 1 года до 3 лет,Not specified
BI разработчик (Qlik Sense),,От 1 года до 3 лет,Not specified
Аналитик-разработчик в команду Meta DWH,"Python, SQL, DWH",От 1 года до 3 лет,Not specified
"Data Scientist (блок ""В2С"")",,От 3 до 6 лет,Not specified
Head of Data Technology,Английский язык,Более 6 лет,Not specified
UX/UI-дизайнер аналитических систем,"UX, UI, Создание дизайн-системы, Разработка дизайн-концепции, Figma, Adobe Photoshop",От 3 до 6 лет,Not specified
Ведущий аналитик в офис CDO (управление данными\data governance),Data Governance,От 3 до 6 лет,Not specified
Портфельный риск-менеджер,"SQL, MS Excel, Python, Power BI, Ad Hoc Analysis",От 1 года до 3 лет,Not specified
Senior Product Manager onco,,От 1 года до 3 лет,Not specified
Product Analyst (B2B-API Team),"SQL, Big Data, Tableau, Python",От 1 года до 3 лет,Not specified
Менеджер по продажам B2B,"Работа с CRM, Работа с клиентами, Заключение договоров, B2B Продажи, Инструменты маркетплейсов",От 1 года до 3 лет,Not specified
Руководитель категории,"Ведение переговоров, Обучение и развитие, Деловое общение, Развитие продаж",От 3 до 6 лет,Not specified
CRM Data Analyst / Аналитик экосистемы данных и CRM,"CDP, Customer Data, Big Data, Mindbox, Data Mining, Sendsay, Unisender, SQL, Power BI, Python",От 3 до 6 лет,Not specified
"Старший менеджер по продажам (Запчасти, Нефтехимия, ВЭД в г. Москва)",,От 3 до 6 лет,Not specified
Архитектор,"ИТ-архитектура, Архитектурные артефакты, Микросервисная архитектура, Проектирование высоконагруженных систем, Enterprise Architect, Architecture Framework",От 3 до 6 лет,Not specified
ML Engineer,,От 3 до 6 лет,Not specified
Product owner / Менеджер продукта / Продуктолог,,От 1 года до 3 лет,Not specified
Программист аналитик 1С + SQL,"1С8, Transact-SQL, MS SQL, PostgreSQL, MS SQL Server, 1С с SQL, 1С программирование, Умение слушать, Желание работать и развиваться",От 3 до 6 лет,Not specified
Head of SEO (External Focus) | Руководитель стратегического SEO-развития,"SEO, SEO оптимизация, Google Analytics, Интернет маркетинг, Аудит поисковой видимости сайта, Управление командой, Стратегическое мышление",Более 6 лет,Not specified
Product analyst (Цифровые продукты),"Analytical skills, SQL, Appmetrica, SuperSet, Python, Greenplum, Clickhouse",От 1 года до 3 лет,Not specified
Продуктовый аналитик,"UML, BPMN, ORACLE, SQL, SOAP, Kafka, REST, BI, ChatGPT, GigaChat",От 1 года до 3 лет,Not specified
Senior Data engineer,"Python, SQL, Apache Airflow, Spark, Hadoop, Big Data, Инженер больших данных, Data engineer",От 1 года до 3 лет,Not specified
Product Lead (Acquisition),,От 3 до 6 лет,Not specified
SEO - аналитик (МТС AdTech),,От 1 года до 3 лет,Not specified
Аналитик доли Поиска,"SQL, Python",От 3 до 6 лет,Not specified
Sales Expert (Self service),,От 1 года до 3 лет,Not specified
Python (Django) Backend разработчик (мидл),"Python, Django Framework, Celery, Docker, UnitTest, SQL",От 3 до 6 лет,Not specified
Руководитель группы (внедрение ПВР-моделей),,От 1 года до 3 лет,Not specified
Бизнес-аналитик в Управление продаж в корпоративном канале,,От 1 года до 3 лет,Not specified
Старший портфельный риск-менеджер (розничный бизнес),"Риск-менеджмент, Анализ рисков, SQL, Портфельные риски, Портфельный анализ",От 3 до 6 лет,Not specified
Стажер\Programmatic assistant,"Английский язык, Аналитическое мышление, MS PowerPoint, Подготовка презентаций, Сбор и анализ информации, Документооборот",Нет опыта,Not specified
Product Analyst (Fullfillment),"SQL, Python, Tableau, Data Analysis",От 3 до 6 лет,Not specified
Data Science разработчик,,От 3 до 6 лет,Not specified
Senior Java разработчик/Team Lead (IoT Hub),"Java SE, Spring Framework, Проектирование высоконагруженных систем, Микросервисная архитектура, CI/CD, Apache Kafka, RabbitMQ, Docker, Kubernetes, Сетевые протоколы",Более 6 лет,Not specified
Руководитель отдела привлечения поставщиков (Импорт),,Более 6 лет,Not specified
"Менеджер по развитию бизнеса (B2B, IT/Outstaff, part-time)",,Более 6 лет,Not specified
Руководитель анализа данных QS,,От 3 до 6 лет,Not specified
HR Data & Compensation Strategy Lead,,От 1 года до 3 лет,Not specified
Product Manager / Менеджер продукта (M2M/Telecom),"Product Management, Разработка бизнес-требований, Разработка технических заданий, M2M, IoT",От 3 до 6 лет,Not specified
Аналитик данных (Big Data),,От 3 до 6 лет,Not specified
Маркетолог (E-comm),"Запуск маркетинговых кампаний, Разработка маркетинговых кампаний, Управление проектами, Email-маркетинг, Автоматизация маркетинговых кампаний, Запуск PR-кампании",От 1 года до 3 лет,Not specified
"Старший менеджер по продажам (Запчасти, Нефтехимия, ВЭД, г. Уфа)",,От 3 до 6 лет,Not specified
Senior Data Analyst (Оценка эффектов),"Python, SQL, ML, pandas, Scikit-learn, CatBoost, PyTorch, Greenplum, Trino, Hadoop, PySpark, Apache Hive, Apache Airflow, MLflow, JupyterHub, K8s, Анализ данных",От 3 до 6 лет,Not specified
Заместитель финансового директора,,Более 6 лет,Not specified
Staff engineer (Spark),"Spark, Greenplum, MS SQL, Python, Kubernetes, Java, Big Data, Apache Spark",Более 6 лет,Not specified
BI-разработчик / Data-инженер (MS SQL + Power BI),"MS SQL Server, PostgreSQL, Power BI, Apache Airflow",От 3 до 6 лет,Not specified
Senior Product Analyst ( Uzum Nasiya),"MS SQL, Python, Clickhouse, Событийная аналитика",От 3 до 6 лет,Not specified
Business development manager (Self service),,От 1 года до 3 лет,Not specified
Data Engineer,,От 3 до 6 лет,Not specified
DevOps-инженер / Hadoop (Трайб Data Office),,От 1 года до 3 лет,Not specified
Руководитель проектов,,От 3 до 6 лет,Not specified
"Senior Data Analyst [CVM B2B, МТС Веб Сервисы]",,От 3 до 6 лет,Not specified
Методолог IT процессов,,От 3 до 6 лет,Not specified
Senior Data Analyst / TechLead,"SQL, Python, Data Analysis, Управление проектами, Менторство",От 3 до 6 лет,Not specified
Data аналитик,,От 3 до 6 лет,Not specified
Data Engineer (сервисы мониторинга),,От 1 года до 3 лет,Not specified
IT Operations Specialist / Специалист по ИТ-поддержке,"Английский язык, SQL, Python",От 1 года до 3 лет,Not specified
Ведущий специалист (DATA SCIENCE),,От 1 года до 3 лет,Not specified
BI Analyst,"SQL, Tableau",От 3 до 6 лет,Not specified
BI-разработчик,"Power BI, OLAP, SQL, Oracle Pl/SQL, MS Excel, MS SQL",От 3 до 6 лет,Not specified
LLМ Developer,,От 1 года до 3 лет,Not specified
Старший аналитик (data analyst / data scientist)в управление планирования и прогнозирования,"Анализ данных, Аналитическое мышление, Статистический анализ, SQL, Python, MS Excel, Olap (online analytical processing)",От 3 до 6 лет,Not specified
Разработчик GreenPlum (ETL процессы),"PostgreSQL, Greenplum, Apache Airflow, Apache NiFi, Apache Kafka, Python, ETL, ORACLE",От 1 года до 3 лет,Not specified
Information Security Specialist - Card Processing,"PCI DSS, SIEM, DevSecOps, Информационная безопасность, Английский язык, Аудит информационной безопасности, Разработка политики информационной безопасности, Information Security, Payments",От 3 до 6 лет,Not specified
Data Engineer,,От 3 до 6 лет,Not specified
Senior Performance manager,"Контекстная реклама, Интернет маркетинг, Медиапланирование, Запуск контекстных кампаний, Яндекс.Директ, Автоматизация контекстных кампаний, Инструменты маркетплейсов, MS Excel",От 1 года до 3 лет,Not specified
DBA/DBD (Администратор Баз Данных),"Linux, MS SQL, PostgreSQL, Администрирование",От 3 до 6 лет,Not specified
Руководитель проекта (финмоделирование),,От 1 года до 3 лет,Not specified
Аналитик данных (middle),,От 3 до 6 лет,Not specified
Бизнес-аналитик в направление продаж,"Бизнес-анализ, Анализ бизнес-процессов, Моделирование бизнес-процессов, Системный анализ, Разработка бизнес-требований, Описание бизнес-процессов, Реинжиниринг бизнес-процессов, MS Excel, Постановка задач разработчикам, Разработка технических заданий, Английский язык, Разработка пользовательской документации",От 3 до 6 лет,Not specified
Аналитик данных/Продуктовый аналитик/Data Scientist (Python),Python,От 3 до 6 лет,Not specified
Продуктовый аналитик (junior+/middle-),"SQL, Продуктовые метрики, BI, Статистический анализ",От 1 года до 3 лет,Not specified
Разработчик DWH(GreenPlum),"SQL, Greenplum, PostgreSQL, PL/pgSQL, ORACLE",От 3 до 6 лет,Not specified
Middle+ / Senior ML-инженер,"Big Data, pandas, Математическая статистика, SQL, Git, ETL, Hadoop, Java, Python, Groovy, Atlassian Jira, Atlassian Confluence",Более 6 лет,Not specified
Data Engineer,,От 3 до 6 лет,Not specified
1C Analyst / 1C Аналитик,,От 1 года до 3 лет,Not specified
Телемаркетолог,"Телефонные переговоры, Работа с CRM, Работа с клиентами",От 1 года до 3 лет,Not specified
Data Engineer,,От 3 до 6 лет,Not specified
Руководитель по внедрению решений продвинутой аналитики/ Product Owner AI (Data science CRM),,Более 6 лет,Not specified
Директор по данным / Chief Data Officer,,Более 6 лет,Not specified
Менеджер по работе с клиентами (Up-sale),,От 1 года до 3 лет,Not specified
Младший финансовый аналитик по функциональным затратам,,От 3 до 6 лет,Not specified
Data Analyst (middle),,От 3 до 6 лет,Not specified
Senior ML Engineer,,Более 6 лет,Not specified
Главный бизнес-аналитик (кластеризация магазинов),,От 3 до 6 лет,Not specified
Business Development Manager/BDM (направление региональных продаж),,От 1 года до 3 лет,Not specified
Маркетолог-аналитик,"Прогноз рынка, Статистический анализ, Анализ рынка, SQL, Прогнозирование, Python",От 1 года до 3 лет,Not specified
Директор Департамента Рисков и Аналитики (Collection),,Более 6 лет,Not specified
Системный аналитик (Интеграционная шина),"Бизнес-анализ, Разработка технических заданий, Моделирование бизнес-процессов, Постановка задач разработчикам, Интеграция, Big Data, Power BI",От 3 до 6 лет,Not specified
Системный аналитик DWH / Системный аналитик ХД,"SQL, DWH, ETL, Atlassian Confluence, Atlassian Jira, Английский язык",От 1 года до 3 лет,Not specified
Senior/Lead Java-разработчик (Sber.DS Lab),,Более 6 лет,Not specified
Системный аналитик,,От 1 года до 3 лет,Not specified
Data Scientist NLP (Центр модельных рисков розничного бизнеса),,От 1 года до 3 лет,Not specified
Data engineer/Data аналитик,,От 3 до 6 лет,Not specified
Аналитик по развитию и поддержке бизнес-приложений (проекты ЭДО),"Бизнес-анализ, User Story, Моделирование бизнес процессов, Описание бизнес-процессов, Анализ требований, Оптимизация бизнес-процессов, Автоматизация бизнес-процессов, Разработка пользовательской документации",От 3 до 6 лет,Not specified
Data-аналитик,,От 3 до 6 лет,Not specified
Warehouse Operations Responsible / Data Analyst,"Supply Chain Management, Analytical skills, Warehouse Management, MS PowerPoint, MS Excel",От 1 года до 3 лет,Not specified
Tech Lead (GreenPlum),"Greenplum, DWH, ETL, PostgreSQL, Data Vault 2.0",Более 6 лет,Not specified
Product Owner (Data Science / Anti-fraud),,Более 6 лет,Not specified
Cтарший аналитик M&A,,От 3 до 6 лет,Not specified
Руководитель продукта «Оптимизатор и арбитрация» (Data Science),"Английский язык, Big Data, Data Analysis, Анализ данных, Data Science, Математический анализ, Математическая статистика, Математическое моделирование, Python, SQL, Agile, Управление проектами",От 3 до 6 лет,Not specified
BI-аналитик / Аналитик данных (Data аналитик),,От 1 года до 3 лет,Not specified
"Руководитель группы Data Science, Ozon Travel","IT, Торговая площадка",От 3 до 6 лет,Not specified
"Лидер команды (ML, DS)",,От 1 года до 3 лет,Not specified
Senior Product Analyst,"MS SQL, Python, Clickhouse, Событийная аналитика",От 3 до 6 лет,Not specified
Портфельный риск-аналитик (в команду Автокредитования),,От 1 года до 3 лет,Not specified
Стажер-аналитик (Электронная коммерция и партнерства),"MS Office, Подготовка презентаций, Деловые коммуникации, Английский язык, Анализ рынка",Нет опыта,Not specified
Ведущий системный аналитик,"BPMN, UML, Бизнес-анализ, Анализ требований, Ведение переговоров",От 3 до 6 лет,Not specified
Специалист по модификации и сопровождению (SAP),"Clickhouse, Greenplum, SAP BW",От 3 до 6 лет,Not specified
Middle Product Analyst (команда CoPilot),,От 1 года до 3 лет,Not specified
Инженер по качеству данных,"SQL, Python, Apache Airflow, Atlassian Jira, Atlassian Confluence, Clickhouse",От 1 года до 3 лет,Not specified
Senior Big Data Engineer (Data Management Platform),"Big Data, Apache Spark, Apache Airflow, Python, Scala, Java, Hadoop",От 3 до 6 лет,Not specified
Data Quality Engineer,"Power BI, Английский язык, MS Excel, SQL, CRM, Python",От 3 до 6 лет,Not specified
Data Engineer,"Apache Kafka, Apache Spark, Apache Hadoop, Java, Scala, Python, AWS, Google Cloud, Azure, Big Data",От 3 до 6 лет,Not specified
PPC / UA Manager,,От 3 до 6 лет,Not specified
Account manager,"Trade Marketing, E-Commerce, Размещение POS материалов, Digital Marketing, Account Management, Федеральные маркетинговые кампании, Анализ эффективности маркетинговых кампаний, MS PowerPoint, Инфлюенс-маркетинг, Запуск маркетинговых кампаний",От 3 до 6 лет,Not specified
Data scientist,,От 3 до 6 лет,Not specified
Маркетолог-аналитик,"Маркетинговые исследования, Прогнозирование, Маркетинговые коммуникации, Маркетинговое планирование, Аналитические исследования, Анализ данных",От 1 года до 3 лет,Not specified
Девопс Big Data,,От 1 года до 3 лет,Not specified
Product Analyst в Wildberries,"Python, SQL",От 3 до 6 лет,Not specified
Аналитик Senior/ Team lead,"RFM-анализ, MS Excel, MS SQL, Python, Power BI, А/В-тестирования, Скорринг, ML, Data Science, API, Tableau, Matplotlib, ROC-AUC, F1-score, Hadoop, Spark, Dask, AWS, GCP, Azure, Docker, Flask, MLflow, Kaggle, PostgreSQL, MongoDB, Power Pivot, SQL, Machine Learning",От 3 до 6 лет,Not specified
"Ведущий разработчик Python, ML платформа","Python, Kubernetes, Docker, MLflow, Разработка поисковых технологий, IT, Алгоритмы и структуры данных",От 3 до 6 лет,Not specified
Архитектор DWH/Архитектор данных,,Более 6 лет,Not specified
Руководитель направления аналитики данных для процессингового центра,,От 3 до 6 лет,Not specified
Data Engineer,"Python, SQL, ETL, DWH",От 3 до 6 лет,Not specified
"Старший специалист МО (ML Engineer / Data Scientist, видеоаналитика, CV)","Компьютерное зрение, Видеоаналитика, Python, Computer Vision",От 3 до 6 лет,Not specified
Разработчик Oracle Hyperion Planning,,От 3 до 6 лет,Not specified
Аналитик на разработку систем анализа больших данных,,От 1 года до 3 лет,Not specified
Руководитель по Инициативам Цифровой Трансформации в Андеррайтинге (продажи решений для страховых),,От 3 до 6 лет,Not specified
Data Analyst,,От 3 до 6 лет,Not specified
Analytics Team Lead \ Deputy CAO,"SQL, PostgreSQL, Английский язык, Power BI, Communication skills, Management Skills, Analytical skills, Data Analysis, Код-ревью",От 3 до 6 лет,Not specified
Data Engineer/Data аналитик,"SQL, Python, Hadoop, Apache Hive, Spark, Java",От 3 до 6 лет,Not specified
Senior Data Analyst,,От 1 года до 3 лет,Not specified
Консультант по жилой недвижимости (стратегический консалтинг),,От 1 года до 3 лет,Not specified
Бизнес-аналитик (Luxms BI),"Анализ бизнес-процессов, SQL, Power BI, PostgreSQL, LuxMs, YoutTrack, Atlassian Confluence, Python, BPMN, Анализ модели данных, Управленческая отчетность, Ведение проектов",От 3 до 6 лет,Not specified
Data Analyst Collection,,От 3 до 6 лет,Not specified
Менеджер проектов Big Data и Data Science,,От 3 до 6 лет,Not specified
Аккаунт-директор в IT-компанию,"Agile, PMI, MSOA",От 3 до 6 лет,Not specified
Руководитель проектов (Генеративный ИИ),"Организаторские навыки, DevOps, SQL, Жизненный цикл проекта, Agile, Scrum, Kanban",Более 6 лет,Not specified
Data Engineer [Middle],,От 1 года до 3 лет,Not specified
"Middle+/Senior Devops engineer в продукт MWS Data Lakehouse [Big Data, МТС Веб Сервисы]","SQL, Python, pandas, Ansible, Kubernetes, DevOps, CI/CD, GitLab CI, Terraform, Docker",От 3 до 6 лет,Not specified
Senior System Analyst DWH,"SQL, DWH, ORACLE, Vertica, Power BI, SAP Business Objects, Базы данных",От 3 до 6 лет,Not specified
Business system analyst,"Financial Analysis, Reporting, SAP, Business English, Французский язык, MS Excel",Более 6 лет,Not specified
Data engineer (Middle+/Senior),"Big Data, Apache Kafka, Kubernetes, Docker, Apache Spark, Python, OLAP",От 3 до 6 лет,Not specified
Менеджер отдела продаж сервисов Big Data,"Прямые продажи, Ведение переговоров, Проведение презентаций, Big Data, Аналитика продаж, Развитие продаж, B2B Продажи, Лидерство",От 3 до 6 лет,Not specified
Менеджер по маркетинговым коммуникациям / PR-менеджер,"Big Data, Подготовка презентаций, Создание презентационных материалов о компании, Анализ конкурентной среды, конкурентный анализ, Креативность, Формирование продуктовой линейки, Проведение презентаций, Английский язык, Работа в условиях многозадачности, Маркетинговые коммуникации, Digital Marketing, Маркетинговые стратегии, Маркетинговый анализ, Навыки презентации, Продвижение бренда, Развитие бренда, Анализ рынка",От 1 года до 3 лет,Not specified
Senior Payroll Accountant (Cyprus),,Более 6 лет,Not specified
Team Lead (Домен ИИ модельные сервисы),,От 3 до 6 лет,Not specified
System Analyst / Системный аналитик,"SQL, UML, PlantUML, XML, JSON, REST API, Apache Kafka",От 3 до 6 лет,Not specified
Системный аналитик (HR tech),,Более 6 лет,Not specified
Senior системный аналитик DWH,"SQL, Системный анализ, DWH, Визуализация данных, Разработка пользовательской документации, Микросервисная архитектура, SOA, Big Data, ESB, Постановка задач разработчикам, Системная интеграция, Разработка бизнес-требований, Документирование бизнес-требований, Разработка функциональных требований, Анализ требований, Atlassian Confluence, Atlassian Jira, ORACLE, user guide",От 3 до 6 лет,Not specified
Data Scientist (Senior),"Python, SQL, NLP, Computer Vision, pandas, TensorFlow, Scikit-learn, PyTorch",От 3 до 6 лет,Not specified
Менеджер проекта/руководитель проекта в сфере антифрод,,От 3 до 6 лет,Not specified
Senior Digital-маркетолог / Веб-аналитик,,От 3 до 6 лет,Not specified
AI/ML Engineer / AI/ML Инженер / AI/ML Разработчик,,От 3 до 6 лет,Not specified
"Старший системный аналитик (SCADA, Qgis)","SCADA, QGIS, UML, ATL, API, Промышленная автоматизация",От 3 до 6 лет,Not specified
